Country,Code,Forest_1990,Forest_2025,Forest_change,GDP_avg,Region,Income_group,log_GDP,Income_group_order,Outlier_type
Afghanistan,AFG,1.85,1.85,0.0,415.4949455842083,South Asia,Low income,6.0294704495625675,1,Expected pattern
Burkina Faso,BFA,30.33,11.83,-18.5,529.0799690178129,Sub-Saharan Africa,Low income,6.2711395905992395,1,Expected pattern
Burundi,BDI,10.77,10.89,0.120000000000001,194.79189618328263,Sub-Saharan Africa,Low income,5.271931789641267,1,Expected pattern
Central African Republic,CAF,74.54,72.39,-2.1500000000000057,388.6691071093741,Sub-Saharan Africa,Low income,5.9627283572347265,1,Expected pattern
Chad,TCD,5.34,2.87,-2.47,690.7563615643833,Sub-Saharan Africa,Low income,6.537787173409157,1,Expected pattern
Democratic Republic of Congo,COD,70.81,61.4,-9.410000000000004,335.08061334651467,Sub-Saharan Africa,Low income,5.81437113973193,1,Expected pattern
Eritrea,ERI,13.64,11.91,-1.7300000000000004,390.07545674651703,Sub-Saharan Africa,Low income,5.966340199246299,1,Expected pattern
Ethiopia,ETH,25.29,23.7,-1.59,403.1764551864945,Sub-Saharan Africa,Low income,5.999374320177346,1,Expected pattern
Gambia,GMB,40.98,20.7,-20.28,645.3239110736133,Sub-Saharan Africa,Low income,6.469752378452752,1,Expected pattern
Guinea-Bissau,GNB,80.28,74.67,-5.609999999999999,627.8012860942139,Sub-Saharan Africa,Low income,6.44222369297889,1,Expected pattern
Liberia,LBR,83.15,65.68,-17.47,419.9930190941393,Sub-Saharan Africa,Low income,6.04023808993485,1,Expected pattern
Madagascar,MDG,23.51,17.05,-6.460000000000001,393.86274563197804,Sub-Saharan Africa,Low income,5.97600248726587,1,Expected pattern
Malawi,MWI,37.14,21.55,-15.59,441.95302814148977,Sub-Saharan Africa,Low income,6.091203605257417,1,Expected pattern
Mali,MLI,11.47,8.59,-2.880000000000001,656.4774103891854,Sub-Saharan Africa,Low income,6.486888283994993,1,Expected pattern
Mozambique,MOZ,52.89,41.0,-11.89,443.9559043033684,Sub-Saharan Africa,Low income,6.095725242868147,1,Expected pattern
Niger,NER,1.54,0.83,-0.7100000000000001,414.51664637903764,Sub-Saharan Africa,Low income,6.027113133911384,1,Expected pattern
Rwanda,RWA,17.71,25.72,8.009999999999998,504.0674476910792,Sub-Saharan Africa,Low income,6.222710083901519,1,Poor & Reforesting
Sierra Leone,SLE,43.32,33.75,-9.57,561.6440036032269,Sub-Saharan Africa,Low income,6.330868203636437,1,Expected pattern
Somalia,SOM,13.2,7.7,-5.499999999999999,366.407161967126,Sub-Saharan Africa,Low income,5.903745179462447,1,Expected pattern
South Sudan,SSD,11.24,11.33,0.0899999999999998,1375.87731816094,Sub-Saharan Africa,Low income,7.22684685620518,1,Expected pattern
Sudan,SDN,15.03,11.77,-3.26,840.0392355782647,Sub-Saharan Africa,Low income,6.733448599768271,1,Expected pattern
Syria,SYR,2.44,2.85,0.4100000000000001,1269.9246549776192,Middle East & North Africa,Low income,7.146712850903457,1,Expected pattern
Togo,TGO,23.87,22.51,-1.3599999999999994,658.2189797213525,Sub-Saharan Africa,Low income,6.489537671890142,1,Expected pattern
Uganda,UGA,22.68,11.81,-10.87,540.2719126227385,Sub-Saharan Africa,Low income,6.292072554717603,1,Expected pattern
Yemen,YEM,1.04,1.04,0.0,891.2537980730376,Middle East & North Africa,Low income,6.79262923323195,1,Expected pattern
Angola,AGO,62.19,50.74,-11.449999999999996,2301.9532897982067,Sub-Saharan Africa,Lower middle income,7.741513297937041,2,Expected pattern
Bangladesh,BGD,15.25,14.39,-0.8599999999999994,970.6325753948358,South Asia,Lower middle income,6.87794799852912,2,Expected pattern
Benin,BEN,61.9,27.79,-34.11,819.3018099885973,Sub-Saharan Africa,Lower middle income,6.708452526334389,2,Expected pattern
Bhutan,BTN,65.72,70.13,4.409999999999997,1840.3187385824024,South Asia,Lower middle income,7.5176940630913185,2,Expected pattern
Bolivia,BOL,57.02,50.19,-6.830000000000005,2052.139966624646,Latin America & Caribbean,Lower middle income,7.626638413820539,2,Expected pattern
Cambodia,KHM,62.34,35.88,-26.46,1005.8089608511212,East Asia & Pacific,Lower middle income,6.913547432876068,2,Expected pattern
Cameroon,CMR,47.6,40.5,-7.100000000000001,1245.4998222955223,Sub-Saharan Africa,Lower middle income,7.1272921920250045,2,Expected pattern
Cape Verde,CPV,8.31,12.67,4.359999999999999,2685.1962607303362,Sub-Saharan Africa,Lower middle income,7.895509099515711,2,Expected pattern
Comoros,COM,25.34,17.93,-7.41,1172.7808523201154,Sub-Saharan Africa,Lower middle income,7.067133004532631,2,Expected pattern
Congo,COG,65.17,63.99,-1.1799999999999995,1907.6967322552919,Sub-Saharan Africa,Lower middle income,7.553651894016218,2,Expected pattern
Djibouti,DJI,0.24,0.26,0.02,1530.7868088605503,Middle East & North Africa,Lower middle income,7.333537136360349,2,Expected pattern
East Timor,TLS,74.01,70.9,-3.1099999999999994,845.2255676472947,East Asia & Pacific,Lower middle income,6.739603535695269,2,Expected pattern
Egypt,EGY,0.0,0.0,0.0,1998.2499212828773,Middle East & North Africa,Lower middle income,7.600027037113097,2,Expected pattern
Eswatini,SWZ,28.23,25.18,-3.0500000000000007,2754.0740364933927,Sub-Saharan Africa,Lower middle income,7.920836562185564,2,Expected pattern
Ghana,GHA,25.52,31.01,5.490000000000002,1151.3982847116768,Sub-Saharan Africa,Lower middle income,7.048732382499134,2,Poor & Reforesting
Guinea,GIN,29.31,19.77,-9.54,771.2862134998155,Sub-Saharan Africa,Lower middle income,6.648059528412015,2,Expected pattern
Haiti,HTI,13.4,13.5,0.0999999999999996,997.5001049735076,Latin America & Caribbean,Lower middle income,6.9052522540006125,2,Expected pattern
Honduras,HND,68.32,52.38,-15.93999999999999,1681.6355650462046,Latin America & Caribbean,Lower middle income,7.4275221494269905,2,Expected pattern
India,IND,21.5,24.46,2.960000000000001,1114.969497147248,South Asia,Lower middle income,7.0165823267014025,2,Poor & Reforesting
Jordan,JOR,0.8,0.8,0.0,2804.2547853247547,Middle East & North Africa,Lower middle income,7.938893108978278,2,Expected pattern
Kenya,KEN,6.57,6.88,0.3099999999999996,997.1310505656222,Sub-Saharan Africa,Lower middle income,6.904882206224038,2,Expected pattern
Kiribati,KIR,1.32,1.32,0.0,1338.5449635233656,East Asia & Pacific,Lower middle income,7.199338454867889,2,Expected pattern
Kyrgyzstan,KGZ,5.93,6.55,0.6200000000000001,864.572511628471,Europe & Central Asia,Lower middle income,6.76223517856188,2,Expected pattern
Laos,LAO,62.39,56.48,-5.910000000000004,1123.7687044856186,East Asia & Pacific,Lower middle income,7.024443230350863,2,Expected pattern
Lebanon,LBN,13.48,13.81,0.33,5120.612187007364,Middle East & North Africa,Lower middle income,8.541029278660773,2,Expected pattern
Lesotho,LSO,1.14,1.14,0.0,793.3575202838283,Sub-Saharan Africa,Lower middle income,6.676273965285393,2,Expected pattern
Mauritania,MRT,0.9,0.99,0.0899999999999999,1326.8883150275333,Sub-Saharan Africa,Lower middle income,7.190591867284257,2,Expected pattern
Morocco,MAR,12.77,12.76,-0.0099999999999997,2517.7336600167428,Middle East & North Africa,Lower middle income,7.831114434592287,2,Expected pattern
Myanmar,MMR,60.09,41.51,-18.580000000000005,662.1565982939053,East Asia & Pacific,Lower middle income,6.495502081276741,2,Expected pattern
Nepal,NPL,40.1,43.71,3.61,591.6236959503227,South Asia,Lower middle income,6.382870784041135,2,Poor & Reforesting
Nicaragua,NIC,58.99,39.73,-19.260000000000005,1425.48526894231,Latin America & Caribbean,Lower middle income,7.262267574340937,2,Expected pattern
Nigeria,NGA,23.68,18.81,-4.870000000000001,1677.976443244425,Sub-Saharan Africa,Lower middle income,7.425343848337683,2,Expected pattern
Pakistan,PAK,4.49,4.14,-0.3500000000000005,925.1711863189944,South Asia,Lower middle income,6.829978786680576,2,Expected pattern
Papua New Guinea,PNG,76.44,75.14,-1.2999999999999972,1647.8117029451314,East Asia & Pacific,Lower middle income,7.40720344601984,2,Expected pattern
Philippines,PHL,26.09,24.95,-1.1400000000000006,2002.2182111727031,East Asia & Pacific,Lower middle income,7.602010950525231,2,Expected pattern
Samoa,WSM,63.52,57.47,-6.050000000000004,2792.2696003292394,East Asia & Pacific,Lower middle income,7.934610020942987,2,Expected pattern
Senegal,SEN,47.75,44.92,-2.8299999999999983,1110.2714134624246,Sub-Saharan Africa,Lower middle income,7.0123597810498755,2,Expected pattern
Solomon Islands,SLB,90.74,89.82,-0.9200000000000016,1484.6573184589793,East Asia & Pacific,Lower middle income,7.302939262626672,2,Expected pattern
Sri Lanka,LKA,38.31,34.28,-4.030000000000001,2205.5380294002102,South Asia,Lower middle income,7.698726762379882,2,Expected pattern
Tajikistan,TJK,2.94,3.06,0.1200000000000001,589.0816072613007,Europe & Central Asia,Lower middle income,6.37856472628043,2,Expected pattern
Tanzania,TZA,65.66,49.0,-16.659999999999997,660.1296125139512,Sub-Saharan Africa,Lower middle income,6.492436198336829,2,Expected pattern
Tunisia,TUN,4.15,4.43,0.2799999999999993,3142.092089357306,Middle East & North Africa,Lower middle income,8.05264412753861,2,Expected pattern
Uzbekistan,UZB,5.79,8.84,3.05,1385.4404740240027,Europe & Central Asia,Lower middle income,7.233773399846334,2,Poor & Reforesting
Vanuatu,VUT,81.29,74.44,-6.8500000000000085,2275.5558349593134,East Asia & Pacific,Lower middle income,7.7299796246020716,2,Expected pattern
Vietnam,VNM,29.91,47.19,17.279999999999998,1556.0428058030764,East Asia & Pacific,Lower middle income,7.349901214516159,2,Expected pattern
Zambia,ZMB,63.78,60.36,-3.4200000000000017,934.5875882190619,Sub-Saharan Africa,Lower middle income,6.840105349864705,2,Expected pattern
Zimbabwe,ZWE,43.21,35.58,-7.630000000000003,1153.0358118115823,Sub-Saharan Africa,Lower middle income,7.050153579467188,2,Expected pattern
Albania,ALB,28.79,34.34,5.550000000000004,3520.932338263668,Europe & Central Asia,Upper middle income,8.166481102345495,3,Expected pattern
Algeria,DZA,0.72,0.71,-0.01,3545.5985429966904,Middle East & North Africa,Upper middle income,8.173462266180033,3,Expected pattern
Argentina,ARG,20.46,17.03,-3.43,9017.220575484442,Latin America & Caribbean,Upper middle income,9.106891425381532,3,Expected pattern
Armenia,ARM,11.76,11.74,-0.0199999999999995,2613.0010138261855,Europe & Central Asia,Upper middle income,7.86825465351372,3,Expected pattern
Azerbaijan,AZE,11.43,14.68,3.25,3383.9422425160096,Europe & Central Asia,Upper middle income,8.12679665276604,3,Expected pattern
Belarus,BLR,38.33,44.22,5.890000000000001,4310.261292576996,Europe & Central Asia,Upper middle income,8.36875380598803,3,Expected pattern
Belize,BLZ,69.26,57.65,-11.610000000000008,5231.646676781307,Latin America & Caribbean,Upper middle income,8.562481359660467,3,Expected pattern
Bosnia and Herzegovina,BIH,43.16,42.23,-0.9299999999999996,3669.969416501449,Europe & Central Asia,Upper middle income,8.20793860763554,3,Expected pattern
Botswana,BWA,27.75,27.76,0.0100000000000015,5220.709078622016,Sub-Saharan Africa,Upper middle income,8.560388510467906,3,Expected pattern
Brazil,BRA,73.99,58.16,-15.829999999999998,6915.845182242137,Latin America & Caribbean,Upper middle income,8.841570461104697,3,Expected pattern
China,CHN,16.74,24.2,7.460000000000001,4614.933663440253,East Asia & Pacific,Upper middle income,8.437052772714523,3,Expected pattern
Colombia,COL,58.68,53.59,-5.089999999999996,4594.981419858527,Latin America & Caribbean,Upper middle income,8.432719991225252,3,Expected pattern
Costa Rica,CRI,54.03,58.55,4.519999999999996,7388.245344328582,Latin America & Caribbean,Upper middle income,8.907645549258344,3,Expected pattern
Cuba,CUB,22.27,34.9,12.63,4715.376493575064,Latin America & Caribbean,Upper middle income,8.458584042054689,3,Expected pattern
Dominica,DMA,78.44,76.47,-1.9699999999999989,6490.748678640926,Latin America & Caribbean,Upper middle income,8.778133161849277,3,Expected pattern
Dominican Republic,DOM,44.24,46.84,2.6000000000000014,4870.810433520847,Latin America & Caribbean,Upper middle income,8.491015615685425,3,Expected pattern
Ecuador,ECU,58.92,49.57,-9.35,3913.2328352808186,Latin America & Caribbean,Upper middle income,8.272119123450866,3,Expected pattern
El Salvador,SLV,35.5,33.05,-2.450000000000003,2874.5199850280446,Latin America & Caribbean,Upper middle income,7.963640977562414,3,Expected pattern
Equatorial Guinea,GNQ,96.23,85.8,-10.430000000000009,6672.049668259525,Sub-Saharan Africa,Upper middle income,8.805682388294375,3,Expected pattern
Fiji,FJI,51.43,62.21,10.78,3664.9823602888237,East Asia & Pacific,Upper middle income,8.206578801291114,3,Expected pattern
Gabon,GAB,92.27,91.42,-0.8499999999999943,6502.435745171399,Sub-Saharan Africa,Upper middle income,8.779932115716337,3,Expected pattern
Georgia,GEO,43.61,44.62,1.009999999999998,2937.012610092142,Europe & Central Asia,Upper middle income,7.985148224717541,3,Expected pattern
Grenada,GRD,52.06,52.06,0.0,6585.003407916524,Latin America & Caribbean,Upper middle income,8.792550131704434,3,Expected pattern
Guatemala,GTM,45.28,32.99,-12.29,2800.6267237988905,Latin America & Caribbean,Upper middle income,7.937598501045289,3,Expected pattern
Indonesia,IDN,61.47,50.71,-10.759999999999998,2283.58424485882,East Asia & Pacific,Upper middle income,7.733501524810226,3,Expected pattern
Iran,IRN,6.63,6.63,0.0,3779.2528915842636,Middle East & North Africa,Upper middle income,8.237281621349716,3,Expected pattern
Iraq,IRQ,1.85,1.6,-0.25,3414.6536571799274,Middle East & North Africa,Upper middle income,8.135831348759217,3,Expected pattern
Jamaica,JAM,48.13,56.91,8.779999999999994,4359.559179894821,Latin America & Caribbean,Upper middle income,8.380126225702861,3,Expected pattern
Kazakhstan,KAZ,1.17,1.3,0.1300000000000001,6086.22570676874,Europe & Central Asia,Upper middle income,8.713783415994797,3,Expected pattern
Libya,LBY,0.12,0.12,0.0,7830.2888403593515,Middle East & North Africa,Upper middle income,8.965754677239252,3,Expected pattern
Malaysia,MYS,62.76,57.48,-5.280000000000001,7154.3279738948095,East Asia & Pacific,Upper middle income,8.875472763595464,3,Expected pattern
Maldives,MDV,12.4,12.4,0.0,5915.620820779915,South Asia,Upper middle income,8.685351727926003,3,Expected pattern
Marshall Islands,MHL,52.22,53.94,1.7199999999999989,3451.6617759232035,East Asia & Pacific,Upper middle income,8.146611068238274,3,Expected pattern
Mauritius,MUS,20.57,19.17,-1.3999999999999986,6914.506743506396,Sub-Saharan Africa,Upper middle income,8.841376910174525,3,Expected pattern
Mexico,MEX,36.94,34.09,-2.8499999999999943,8505.107037457068,Latin America & Caribbean,Upper middle income,9.048422089989694,3,Expected pattern
Moldova,MDA,9.89,11.26,1.3699999999999992,2299.1275267656274,Europe & Central Asia,Upper middle income,7.740284993762211,3,Expected pattern
Mongolia,MNG,9.21,9.1,-0.1100000000000012,2343.1417703517027,East Asia & Pacific,Upper middle income,7.759247944723225,3,Expected pattern
Montenegro,MNE,46.54,61.49,14.950000000000005,6068.4997069845485,Europe & Central Asia,Upper middle income,8.710866688261756,3,Expected pattern
Namibia,NAM,10.65,9.77,-0.8800000000000008,3677.5621489421846,Sub-Saharan Africa,Upper middle income,8.210005352113129,3,Expected pattern
North Macedonia,MKD,36.16,40.69,4.530000000000001,4225.644119737552,Europe & Central Asia,Upper middle income,8.348926982547038,3,Expected pattern
Paraguay,PRY,64.85,36.1,-28.749999999999996,3753.9856020691204,Latin America & Caribbean,Upper middle income,8.230573381781912,3,Expected pattern
Peru,PER,60.19,52.47,-7.719999999999999,4210.684776404221,Latin America & Caribbean,Upper middle income,8.345380568177424,3,Expected pattern
Serbia,SRB,27.51,41.33,13.819999999999997,5843.238994408448,Europe & Central Asia,Upper middle income,8.673040544406367,3,Expected pattern
South Africa,ZAF,16.34,18.86,2.52,5299.283175631321,Sub-Saharan Africa,Upper middle income,8.57532684051224,3,Expected pattern
Suriname,SUR,92.62,91.42,-1.2000000000000028,4556.18863989998,Latin America & Caribbean,Upper middle income,8.424241728428969,3,Expected pattern
Thailand,THA,39.61,38.46,-1.1499999999999986,4225.611671675962,East Asia & Pacific,Upper middle income,8.348919303673652,3,Expected pattern
Tonga,TON,12.12,12.12,0.0,3054.657283381219,East Asia & Pacific,Upper middle income,8.024422683113528,3,Expected pattern
Turkey,TUR,25.71,29.63,3.919999999999998,7708.054792175356,Europe & Central Asia,Upper middle income,8.950021137990486,3,Expected pattern
Turkmenistan,TKM,4.96,4.96,0.0,3258.755871266332,Europe & Central Asia,Upper middle income,8.089100766938865,3,Expected pattern
Tuvalu,TUV,34.33,34.33,0.0,2844.9694176788566,East Asia & Pacific,Upper middle income,7.95330759700489,3,Expected pattern
Ukraine,UKR,16.01,17.41,1.3999999999999986,2412.0237234933043,Europe & Central Asia,Upper middle income,7.788221393409529,3,Expected pattern
Venezuela,VEN,57.23,53.39,-3.839999999999996,5166.5139217085525,Latin America & Caribbean,Upper middle income,8.549953450261938,3,Expected pattern
American Samoa,ASM,90.35,79.25,-11.099999999999994,11575.37566019524,East Asia & Pacific,High income,9.356635332872314,4,Expected pattern
Andorra,AND,37.64,38.77,1.1300000000000026,34124.77009588919,Europe & Central Asia,High income,10.437778795347766,4,Expected pattern
Antigua and Barbuda,ATG,22.98,17.7,-5.280000000000001,14242.239885303634,Latin America & Caribbean,High income,9.563967467912622,4,Expected pattern
Aruba,ABW,2.72,2.72,0.0,23517.494199517365,Latin America & Caribbean,High income,10.0654998572007,4,Expected pattern
Australia,AUS,17.5,17.36,-0.1400000000000005,40512.67342040289,East Asia & Pacific,High income,10.609370128104704,4,Expected pattern
Austria,AUT,45.75,47.31,1.5600000000000025,39482.83486678306,Europe & Central Asia,High income,10.583621296105902,4,Expected pattern
Bahamas,BHS,50.94,50.94,0.0,25364.75104199548,Latin America & Caribbean,High income,10.141115734931747,4,Expected pattern
Bahrain,BHR,1.73,5.53,3.8,19405.71003733748,Middle East & North Africa,High income,9.873322633565826,4,Expected pattern
Barbados,BRB,14.65,14.65,0.0,15793.474448481538,Latin America & Caribbean,High income,9.66735212411333,4,Expected pattern
Belgium,BEL,22.21,21.99,-0.2200000000000024,37312.708184126284,Europe & Central Asia,High income,10.527089249593464,4,Expected pattern
Bermuda,BMU,14.44,14.44,0.0,82137.9008174466,North America,High income,11.316154831029209,4,Expected pattern
Brunei,BRN,78.37,72.11,-6.260000000000005,29356.312431852235,East Asia & Pacific,High income,10.28726287647016,4,Rich & Deforesting
Bulgaria,BGR,30.65,36.47,5.82,5959.728481704972,Europe & Central Asia,High income,8.692780202260744,4,Expected pattern
Canada,CAN,41.05,41.97,0.9200000000000016,36996.58824321332,North America,High income,10.518580977731908,4,Expected pattern
Cayman Islands,CYM,54.71,53.0,-1.7100000000000009,82972.18096995173,Latin America & Caribbean,High income,11.326260661560314,4,Expected pattern
Chile,CHL,22.61,24.43,1.8200000000000005,9679.102452706778,Latin America & Caribbean,High income,9.177724454143876,4,Expected pattern
Croatia,HRV,33.06,34.78,1.7199999999999989,10914.440966696484,Europe & Central Asia,High income,9.29784205069545,4,Expected pattern
Cyprus,CYP,17.44,18.58,1.139999999999997,23332.101646205356,Europe & Central Asia,High income,10.057585444378926,4,Expected pattern
Czechia,CZE,36.79,38.46,1.6700000000000017,15242.391369532967,Europe & Central Asia,High income,9.63183573094227,4,Expected pattern
Denmark,DNK,13.29,16.06,2.77,48611.14523447357,Europe & Central Asia,High income,10.791608109409655,4,Expected pattern
Estonia,EST,51.62,57.26,5.640000000000001,14474.139315187216,Europe & Central Asia,High income,9.580118840582681,4,Expected pattern
Faroe Islands,FRO,0.06,0.06,0.0,42245.63525034731,Europe & Central Asia,High income,10.651256319764626,4,Expected pattern
Finland,FIN,71.97,74.17,2.200000000000003,38663.308909198226,Europe & Central Asia,High income,10.562646339094488,4,Expected pattern
France,FRA,26.36,32.5,6.140000000000001,33284.411642830324,Europe & Central Asia,High income,10.412844447532784,4,Expected pattern
French Polynesia,PYF,41.61,43.06,1.4500000000000028,19916.51721935261,East Asia & Pacific,High income,9.899304677466663,4,Expected pattern
Germany,DEU,32.34,32.86,0.519999999999996,37995.62363081975,Europe & Central Asia,High income,10.545226264466217,4,Expected pattern
Greece,GRC,28.77,36.95,8.180000000000003,18507.71220788974,Europe & Central Asia,High income,9.825942800299863,4,Expected pattern
Greenland,GRL,0.0,0.0,0.0,35956.47140514761,Europe & Central Asia,High income,10.490064358218861,4,Expected pattern
Guam,GUM,44.44,52.35,7.910000000000004,31427.982330473384,East Asia & Pacific,High income,10.355453932073122,4,Expected pattern
Guyana,GUY,94.5,93.36,-1.1400000000000006,4831.53513567827,Latin America & Caribbean,High income,8.482919529622022,4,Expected pattern
Hungary,HUN,19.88,22.87,2.990000000000002,10988.321468293561,Europe & Central Asia,High income,9.304588303093501,4,Expected pattern
Iceland,ISL,0.18,0.61,0.43,48606.48025109835,Europe & Central Asia,High income,10.791512139499764,4,Expected pattern
Ireland,IRL,6.7,12.09,5.39,50934.20066999654,Europe & Central Asia,High income,10.838289895762646,4,Expected pattern
Isle of Man,IMN,6.37,6.44,0.0700000000000002,49641.98746789473,Europe & Central Asia,High income,10.812592276145882,4,Expected pattern
Italy,ITA,25.67,31.86,6.189999999999998,29905.562869719233,Europe & Central Asia,High income,10.305799791228269,4,Expected pattern
Japan,JPN,68.45,68.33,-0.1200000000000045,34431.381025102695,East Asia & Pacific,High income,10.446723666626099,4,Expected pattern
Kuwait,KWT,0.19,0.35,0.1599999999999999,29030.260170458478,Middle East & North Africa,High income,10.276094019102473,4,Expected pattern
Latvia,LVA,50.99,55.71,4.719999999999999,11354.424856133848,Europe & Central Asia,High income,9.337362802101747,4,Expected pattern
Liechtenstein,LIE,32.5,37.38,4.880000000000003,121047.82323205454,Europe & Central Asia,High income,11.703940979817526,4,Expected pattern
Lithuania,LTU,31.07,35.4,4.329999999999998,12564.93997494961,Europe & Central Asia,High income,9.438665672803497,4,Expected pattern
Luxembourg,LUX,33.33,34.45,1.1200000000000043,86444.68495942505,Europe & Central Asia,High income,11.367260008127412,4,Expected pattern
Malta,MLT,1.09,1.47,0.3799999999999999,20140.250807348933,Middle East & North Africa,High income,9.910475619390095,4,Expected pattern
Monaco,MCO,0.0,0.0,0.0,147579.45778102003,Europe & Central Asia,High income,11.902122006537441,4,Expected pattern
Nauru,NRU,0.0,0.0,0.0,6362.112109652163,East Asia & Pacific,High income,8.758115693916192,4,Expected pattern
Netherlands,NLD,10.26,10.97,0.7100000000000009,42345.64734653008,Europe & Central Asia,High income,10.653620916676092,4,Expected pattern
New Caledonia,NCL,45.47,48.83,3.3599999999999994,26324.314276707977,East Asia & Pacific,High income,10.178248288294744,4,Expected pattern
New Zealand,NZL,35.59,39.13,3.539999999999999,29572.781344111845,East Asia & Pacific,High income,10.294609668082028,4,Expected pattern
Northern Mariana Islands,MNP,44.17,52.96,8.79,18842.01161701951,East Asia & Pacific,High income,9.843844316157595,4,Expected pattern
Norway,NOR,33.54,33.24,-0.2999999999999971,65035.73704743413,Europe & Central Asia,High income,11.082692198522484,4,Expected pattern
Oman,OMN,0.01,0.01,0.0,15350.12850479662,Middle East & North Africa,High income,9.63887912462829,4,Expected pattern
Palau,PLW,82.93,91.02,8.08999999999999,10600.60432662726,East Asia & Pacific,High income,9.268666290421008,4,Expected pattern
Panama,PAN,66.81,62.21,-4.600000000000001,8642.008986696623,Latin America & Caribbean,High income,9.064390356377547,4,Expected pattern
Poland,POL,29.02,31.02,2.0,10080.325450916314,Europe & Central Asia,High income,9.218340827901406,4,Expected pattern
Portugal,PRT,37.54,36.71,-0.8299999999999983,18092.67230356933,Europe & Central Asia,High income,9.803262290175345,4,Expected pattern
Puerto Rico,PRI,34.25,49.16,14.909999999999997,22665.103199446687,Latin America & Caribbean,High income,10.028581716616147,4,Expected pattern
Qatar,QAT,0.12,0.12,0.0,52461.09703846829,Middle East & North Africa,High income,10.867827165105917,4,Expected pattern
Romania,ROU,27.69,30.24,2.549999999999997,7054.226815928309,Europe & Central Asia,High income,8.861382264507627,4,Expected pattern
Russia,RUS,49.56,50.84,1.2800000000000011,7731.394419642857,Europe & Central Asia,High income,8.95304451595247,4,Expected pattern
San Marino,SMR,16.67,16.67,0.0,51211.719495147045,Europe & Central Asia,High income,10.843723681224407,4,Expected pattern
Saudi Arabia,SAU,1.29,1.29,0.0,19660.58272522671,Middle East & North Africa,High income,9.886371033405677,4,Expected pattern
Seychelles,SYC,74.2,57.65,-16.550000000000004,11649.644323688832,Sub-Saharan Africa,High income,9.363030928372327,4,Expected pattern
Singapore,SGP,20.65,22.01,1.360000000000003,42583.48328915204,East Asia & Pacific,High income,10.659221740859008,4,Expected pattern
Sint Maarten (Dutch part),SXM,8.82,8.82,0.0,33181.23086598076,Latin America & Caribbean,High income,10.409739659680266,4,Expected pattern
Slovakia,SVK,39.57,40.36,0.7899999999999991,12809.269867413035,Europe & Central Asia,High income,9.457924396186996,4,Expected pattern
Slovenia,SVN,59.0,61.76,2.759999999999998,18757.6027579995,Europe & Central Asia,High income,9.839354429640224,4,Expected pattern
South Korea,KOR,67.12,64.34,-2.780000000000001,20602.186751576377,East Asia & Pacific,High income,9.933152502132987,4,Rich & Deforesting
Spain,ESP,27.83,38.29,10.46,24184.065510137232,Europe & Central Asia,High income,10.093449245277046,4,Expected pattern
Sweden,SWE,68.9,68.59,-0.3100000000000023,44188.043627968786,Europe & Central Asia,High income,10.696209525317848,4,Expected pattern
Switzerland,CHE,29.2,32.07,2.870000000000001,65779.39484576517,Europe & Central Asia,High income,11.094061920031608,4,Expected pattern
Trinidad and Tobago,TTO,46.96,44.06,-2.8999999999999986,12562.440889946065,Latin America & Caribbean,High income,9.438466759512437,4,Expected pattern
Turks and Caicos Islands,TCA,11.07,11.07,0.0,27100.250203563803,Latin America & Caribbean,High income,10.207298239429003,4,Expected pattern
United Arab Emirates,ARE,4.43,4.57,0.1400000000000005,38315.65854496015,Middle East & North Africa,High income,10.553613930910723,4,Expected pattern
United Kingdom,GBR,11.48,13.55,2.0700000000000003,36700.15879625829,Europe & Central Asia,High income,10.510536360906825,4,Expected pattern
United States,USA,33.06,33.77,0.7100000000000009,44225.23302577989,North America,High income,10.697050788110314,4,Expected pattern
Uruguay,URY,5.02,11.56,6.540000000000001,11204.938408060514,Latin America & Caribbean,High income,9.324109889393549,4,Expected pattern
