"","Forest (1 000 ha)","Forest (1 000 ha)","Forest (1 000 ha)","Forest (1 000 ha)","Forest (1 000 ha)","Forest (1 000 ha)","Total land area (1 000 ha)","Total land area (1 000 ha)","Total land area (1 000 ha)","Total land area (1 000 ha)","Total land area (1 000 ha)","Total land area (1 000 ha)"
"","1990","2000","2010","2015","2020","2025","1990","2000","2010","2015","2020","2025"
"Afghanistan","1209.44","1209.44","1209.44","1209.44","1209.44","1209.44","65223.00","65223.00","65223.00","65223.00","65223.00","65223.00"
"Albania","788.80","769.30","782.07","797.18","941.00","941.00","2740.00","2740.00","2740.00","2740.00","2740.00","2740.00"
"Algeria","1714.96","1708.22","1701.47","1698.10","1694.73","1691.36","238174.00","238174.00","238174.00","238174.10","238174.10","238174.10"
"American Samoa","18.07","17.73","16.19","15.85","15.85","15.85","20.00","20.00","20.00","20.00","20.00","20.00"
"Andorra","17.69","17.29","18.08","18.29","18.16","18.22","47.00","47.00","47.00","47.00","47.00","47.00"
"Angola","77533.29","76013.08","70912.78","68362.63","65812.48","63262.33","124670.00","124670.00","124670.00","124670.00","124670.00","124670.00"
"Anguilla","5.50","5.50","5.50","5.50","5.50","5.50","9.00","9.00","9.00","9.00","9.00","9.00"
"Antigua and Barbuda","10.11","9.45","8.78","8.45","8.12","7.79","44.00","44.00","44.00","44.00","44.00","44.00"
"Argentina","55989.62","53442.22","49727.45","48444.02","47495.59","46609.00","273669.00","273669.00","273669.00","273669.00","273669.00","273669.00"
"Armenia","334.73","332.64","332.29","334.20","334.02","334.10","2847.00","2847.00","2847.00","2847.00","2847.00","2819.94"
"Aruba","0.49","0.49","0.49","0.49","0.49","0.49","18.00","18.00","18.00","18.00","18.00","18.00"
"Ascension, Saint Helena and Tristan da Cunha","2.02","2.02","2.02","2.02","2.02","2.02","39.00","39.00","39.00","39.00","39.00","39.00"
"Australia","134574.65","132907.29","131171.14","132507.52","133291.13","133561.59","768230.00","768230.00","768230.00","768230.00","769202.00","769202.00"
"Austria","3775.67","3838.14","3861.64","3875.73","3889.82","3903.91","8252.00","8252.00","8252.00","8252.00","8252.00","8252.00"
"Azerbaijan","944.74","987.22","1032.49","1077.89","1161.19","1213.66","8321.70","8260.50","8265.60","8266.30","8264.60","8265.00"
"Bahamas","509.86","509.86","509.86","509.86","509.86","509.86","1001.00","1001.00","1001.00","1001.00","1001.00","1001.00"
"Bahrain","1.37","1.37","1.37","1.37","1.97","4.37","69.00","71.00","76.20","77.80","78.50","80.00"
"Bangladesh","1985.31","1920.33","1888.24","1883.30","1878.36","1873.42","13017.00","13017.00","13017.00","13017.00","13017.00","12998.00"
"Barbados","6.30","6.30","6.30","6.30","6.30","6.30","43.00","43.00","43.00","43.00","43.00","43.00"
"Belarus","7780.00","8273.00","8630.00","8633.50","8843.05","8975.40","20292.80","20284.80","20290.20","20297.80","20298.00","20298.30"
"Belgium","677.40","667.30","689.87","689.30","670.52","670.52","3028.00","3028.00","3028.00","3028.00","3028.00","3049.40"
"Belize","1579.83","1503.93","1428.03","1390.37","1352.71","1315.05","2281.00","2281.00","2281.00","2281.00","2281.00","2281.00"
"Benin","6980.12","5674.27","4264.22","3507.09","3320.18","3133.27","11276.00","11276.00","11276.00","11276.00","11276.00","11276.00"
"Bermuda","0.78","0.78","0.78","0.78","0.78","0.78","5.40","5.40","5.40","5.40","5.40","5.40"
"Bhutan","2506.72","2606.00","2705.29","2715.18","2717.16","2674.74","4672.30","3980.00","3811.70","3811.70","3814.00","3814.00"
"Bolivia (Plurinational State of)","61774.24","59085.97","57499.75","56687.18","55569.07","54370.27","108330.00","108330.00","108330.00","108330.00","108330.00","108330.00"
"Bonaire, Sint Eustatius and Saba","4.21","4.21","4.21","4.21","4.21","4.21","32.20","32.20","32.20","32.20","32.20","32.20"
"Bosnia and Herzegovina","2210.00","2111.65","2102.66","2160.50","2156.88","2162.08","5120.00","5120.00","5120.00","5120.00","5120.00","5120.00"
"Botswana","15727.90","15727.90","15727.90","15727.90","15730.20","15730.20","56673.00","56673.00","56673.00","56673.00","56673.00","56673.00"
"Brazil","618443.26","560720.37","525087.44","515508.93","502366.88","486086.64","835814.00","835814.00","835814.00","835814.00","835814.00","835814.00"
"British Virgin Islands","10.00","9.99","9.98","9.97","9.97","9.97","15.00","15.00","15.00","15.00","15.00","15.00"
"Brunei Darussalam","413.00","397.00","380.00","380.00","380.00","380.00","527.00","527.00","527.00","527.00","527.00","527.00"
"Bulgaria","3327.00","3375.00","3737.00","3833.00","3896.00","3959.00","11063.00","11063.00","10856.00","10856.00","10856.00","10856.00"
"Burkina Faso","8299.11","6377.97","5034.87","4435.57","3836.27","3236.97","27360.00","27360.00","27360.00","27360.00","27360.00","27360.00"
"Burundi","276.48","193.94","193.94","279.64","279.64","279.64","2568.00","2568.00","2568.00","2568.00","2568.00","2568.00"
"Cabo Verde","33.50","37.90","42.30","44.86","47.96","51.06","403.00","403.00","403.00","403.00","403.00","403.00"
"Cambodia","11004.79","10781.00","10589.23","8846.82","7876.84","6333.17","17652.00","17652.00","17652.00","17652.00","17652.00","17652.00"
"Cameroon","22500.00","21597.49","20900.48","20620.48","19728.00","19143.22","47271.00","47271.00","47271.00","47271.00","47271.00","47271.00"
"Canada","360777.29","360305.02","365431.10","367994.14","368867.93","368818.85","896559.00","896559.00","896559.00","896559.00","896559.00","878870.00"
"Cayman Islands","13.13","12.93","12.72","12.72","12.72","12.72","24.00","24.00","24.00","24.00","24.00","24.00"
"Central African Republic","46434.91","46084.99","45735.07","45560.11","45327.49","45094.87","62298.00","62298.00","62298.00","62298.00","62298.00","62298.00"
"Colombia","65102.80","62570.34","61431.74","60963.76","60123.28","59456.86","110950.00","110950.00","110950.00","110950.00","110950.00","110950.00"
"Comoros","47.16","42.78","37.30","34.56","32.87","33.37","186.10","186.10","186.10","186.10","186.10","186.10"
"Congo","22255.00","22135.00","22015.00","21913.30","21783.80","21853.80","34150.00","34150.00","34150.00","34150.00","34150.00","34150.00"
"Cook Islands","14.91","15.57","15.59","15.59","15.59","15.59","24.00","24.00","24.00","24.00","24.00","24.00"
"Costa Rica","2758.74","2849.05","2880.75","2954.46","2972.05","2989.64","5106.00","5106.00","5106.00","5106.00","5106.00","5106.00"
"Côte d'Ivoire","8297.10","6162.62","4997.81","4448.52","4178.24","3774.13","31800.00","31800.00","31800.00","31800.00","31800.00","31800.00"
"Croatia","1850.00","1885.00","1920.00","1922.00","1939.60","1946.20","5591.00","5591.20","5596.40","5596.40","5596.00","5596.00"
"Cuba","2312.00","2699.00","3209.35","3519.00","3611.43","3622.38","10740.00","10740.00","10644.00","10410.00","10380.00","10380.00"
"Curaçao","0.07","0.07","0.07","0.07","0.07","0.07","44.40","44.40","44.40","44.40","44.40","44.40"
"Cyprus","161.11","171.61","172.84","172.71","172.54","171.70","924.00","924.00","924.00","924.00","924.00","924.00"
"Czechia","2839.48","2865.28","2880.01","2892.91","2923.16","2968.36","7727.00","7727.00","7723.00","7721.00","7719.85","7716.73"
"Democratic People's Republic of Korea","7455.43","7455.43","7557.61","7614.38","7671.15","7727.93","12041.00","12041.00","12041.00","12041.00","12041.00","12041.00"
"Democratic Republic of the Congo","160540.18","153790.31","147040.44","142017.96","140603.51","139189.05","226705.00","226705.00","226705.00","226705.00","226705.00","226705.00"
"Denmark","531.44","571.60","586.34","624.26","632.71","642.56","4000.00","4000.00","4000.00","4000.00","4000.00","4000.00"
"Djibouti","5.60","5.60","5.60","5.65","5.88","5.93","2318.00","2318.00","2318.00","2318.00","2318.00","2318.00"
"Dominica","58.83","58.55","58.36","57.80","57.57","57.35","75.00","75.00","75.00","75.00","75.00","75.00"
"Dominican Republic","2132.15","2165.80","2186.28","2214.83","2224.35","2257.46","4831.00","4831.00","4831.00","4831.00","4831.00","4819.80"
"Ecuador","14632.21","13730.50","13028.37","12819.20","12461.09","12310.32","24836.00","24836.00","24836.00","24836.00","24836.00","24836.00"
"Egypt","3.91","3.91","4.08","4.08","4.08","4.11","99545.00","99545.00","99545.00","99545.00","99545.00","99545.00"
"El Salvador","735.51","705.81","676.11","676.49","680.66","684.84","2072.00","2072.00","2072.00","2072.00","2072.00","2072.00"
"Equatorial Guinea","2699.15","2615.58","2532.58","2490.22","2448.42","2406.62","2805.00","2805.00","2805.00","2805.00","2805.00","2805.00"
"Eritrea","1651.31","1591.51","1531.72","1501.82","1471.92","1442.02","12098.26","12098.26","12106.51","12108.88","12104.08","12117.82"
"Estonia","2205.90","2238.89","2336.02","2421.42","2443.87","2466.23","4239.00","4239.00","4239.00","4347.00","4275.00","4275.00"
"Eswatini","485.57","470.57","455.57","448.07","440.57","433.07","1720.00","1720.00","1720.00","1720.00","1720.00","1720.00"
"Ethiopia","28537.50","27809.40","27081.40","26786.20","26766.70","26747.10","112859.73","112859.73","112857.10","112853.94","112857.13","112849.88"
"Falkland Islands (Malvinas)","0.00","0.00","0.00","0.00","0.00","0.00","1217.00","1217.00","1217.00","1217.00","1217.00","1217.00"
"Faroe Islands","0.08","0.08","0.08","0.08","0.08","0.08","139.60","139.60","139.60","139.60","136.60","137.00"
"Fiji","939.69","1006.47","1067.11","1090.28","1113.44","1136.60","1827.00","1827.00","1827.00","1827.00","1827.00","1827.00"
"Finland","21875.33","22445.64","22242.00","22409.00","22543.00","22565.70","30459.00","30459.00","30390.00","30391.00","30394.00","30394.00"
"France","14436.00","15288.00","16419.00","16836.00","17348.00","17795.00","54756.60","54756.70","54755.70","54755.70","54755.70","53895.00"
"French Guiana","8125.00","8079.44","8036.50","8020.00","8002.85","7981.95","8303.00","8271.00","8277.00","8281.00","8281.00","8281.00"
"French Polynesia","144.43","148.55","149.46","149.46","149.46","149.46","366.00","347.10","347.10","347.10","347.10","347.10"
"Gabon","23774.23","23701.62","23683.26","23622.63","23588.97","23555.31","25767.00","25767.00","25767.00","25767.00","25767.00","25767.00"
"Gambia","414.73","357.87","300.00","271.07","242.14","209.47","1012.00","1012.00","1012.00","1012.00","1012.00","1012.00"
"Georgia","3030.40","3038.70","3100.50","3100.50","3100.50","3100.50","6949.00","6949.00","6949.00","6949.00","6949.00","6949.00"
"Germany","11300.00","11354.00","11409.00","11433.40","11457.40","11481.40","34913.00","34895.00","34857.00","34886.00","34939.00","34943.00"
"Ghana","5806.16","6163.36","6520.56","6699.16","6877.76","7056.36","22754.00","22754.00","22754.00","22754.00","22753.30","22753.30"
"Gibraltar","0.00","0.00","0.00","0.00","0.00","0.00","1.00","1.00","1.00","1.00","1.00","1.00"
"Greece","3708.90","3708.90","3720.80","4098.00","4762.80","4762.80","12890.00","12890.00","12890.00","12890.00","12890.00","12890.00"
"Greenland","0.22","0.22","0.22","0.22","0.22","0.22","41045.00","41045.00","41045.00","41045.00","41045.00","41045.00"
"Grenada","17.70","17.70","17.70","17.70","17.70","17.70","34.00","34.00","34.00","34.00","34.00","34.00"
"Guadeloupe","73.17","72.27","71.55","72.90","74.25","75.60","169.00","169.00","169.00","162.00","162.00","162.00"
"Guam","24.00","24.00","24.00","28.27","28.27","28.27","54.00","54.00","54.00","54.00","54.00","54.00"
"Guatemala","4852.41","4226.66","3755.85","3671.23","3601.60","3535.65","10716.00","10716.00","10716.00","10716.00","10716.00","10716.00"
"Guernsey","0.22","0.22","0.37","0.42","0.47","0.47","7.80","7.80","7.80","7.80","7.80","7.80"
"Guinea","7202.21","6532.24","5862.27","5527.28","5192.30","4857.31","24572.00","24572.00","24572.00","24572.00","24572.00","24572.00"
"Guinea-Bissau","2257.39","2207.12","2163.16","2141.97","2120.78","2099.59","2812.00","2812.00","2812.00","2812.00","2812.00","2812.00"
"Guyana","18602.15","18564.22","18519.81","18461.36","18415.34","18377.19","19685.00","19685.00","19685.00","19685.00","19685.00","21114.00"
"Haiti","369.20","384.20","380.20","364.30","365.10","372.10","2756.00","2756.00","2756.00","2756.00","2756.00","2756.00"
"Holy See","0.00","0.00","0.00","0.00","0.00","0.00","0.04","0.04","0.04","0.04","0.04","0.04"
"Honduras","7644.21","7129.47","6744.69","6527.00","6112.43","5861.33","11189.00","11189.00","11189.00","11189.00","11189.00","11189.00"
"Hungary","1813.90","1921.17","2046.39","2060.82","2057.00","2087.37","8987.00","8962.00","9053.00","9126.00","9126.00","9126.00"
"Chad","6730.08","6352.74","5530.04","4890.46","4250.89","3611.32","125920.00","125920.00","125920.00","125920.00","125920.00","125920.00"
"Chile","16810.95","17424.59","18038.22","18217.09","18186.32","18161.90","74353.20","74353.20","74353.20","74353.20","74353.20","74283.16"
"China","157140.59","177000.55","200610.38","210294.25","219098.00","227153.00","942467.00","942470.00","942470.07","942470.14","942470.29","942470.30"
"Iceland","17.93","32.22","48.74","53.23","56.66","61.48","10025.00","10025.00","10025.00","10025.00","10083.00","10083.00"
"India","63938.00","67591.00","69496.00","70828.00","72309.00","72739.00","297319.00","297319.00","297319.00","297319.00","297319.00","297319.00"
"Indonesia","116334.50","91958.60","96305.20","95027.90","95561.90","95969.30","187751.90","187751.90","187751.90","187751.90","187751.90","189255.55"
"Iran (Islamic Republic of)","10751.00","10751.00","10751.00","10751.00","10751.00","10751.00","162876.00","162876.00","162876.00","162876.00","162250.00","162250.00"
"Iraq","803.50","817.62","804.30","758.61","725.57","692.55","43737.00","43737.00","43432.00","43412.80","43412.80","43413.00"
"Ireland","461.64","630.36","720.38","754.67","793.32","832.85","6889.00","6889.00","6889.00","6889.00","6889.00","6889.00"
"Isle of Man","3.63","3.63","3.63","3.63","3.67","3.67","57.00","57.00","57.00","57.00","57.00","57.00"
"Israel","132.00","153.00","154.00","165.00","140.00","150.00","2164.00","2164.00","2164.00","2164.00","2164.00","2164.00"
"Italy","7589.75","8369.25","9028.04","8907.00","9359.51","9421.96","29411.00","29571.80","29571.80","29571.80","29571.70","29572.00"
"Jamaica","521.30","523.29","552.54","582.11","634.10","686.09","1083.00","1083.00","1083.00","1083.00","1083.00","1083.00"
"Japan","24950.00","24876.00","24966.00","24944.00","24919.00","24908.00","36460.00","36450.00","36450.00","36450.00","36450.00","36456.93"
"Jersey","0.60","0.60","0.60","0.60","0.67","0.68","12.00","12.00","12.00","12.00","12.00","12.00"
"Jordan","70.70","70.70","70.70","70.70","70.70","70.70","8824.00","8824.00","8878.00","8878.00","8879.40","8879.40"
"Kazakhstan","3162.24","3156.93","3082.18","3308.46","3451.01","3520.51","269970.00","269970.00","269970.00","269970.00","269970.00","269970.00"
"Kenya","3740.60","3816.21","3878.47","3383.88","3591.46","3913.81","56914.00","56914.00","56914.00","56914.00","56914.00","58087.63"
"Kiribati","1.07","1.07","1.07","1.07","1.07","1.07","81.00","81.00","81.00","81.00","81.00","81.00"
"Kuwait","3.45","4.99","5.39","6.09","6.30","6.30","1782.00","1782.00","1782.00","1782.00","1782.00","1782.00"
"Kyrgyzstan","1136.42","1180.90","1226.84","1246.94","1255.16","1255.48","19180.00","19180.00","19180.00","19180.00","19180.00","19180.00"
"Lao People's Democratic Republic","14399.28","14050.04","13660.59","13369.40","13212.71","13036.04","23080.00","23080.00","23080.00","23080.00","23080.00","23080.00"
"Latvia","3173.00","3241.00","3372.12","3398.62","3434.13","3466.96","6222.70","6222.70","6222.70","6222.70","6223.00","6223.00"
"Lebanon","137.92","138.89","139.87","140.36","140.84","141.32","1023.00","1023.00","1023.00","1023.00","1023.00","1023.00"
"Lesotho","34.52","34.52","34.52","34.52","34.52","34.52","3036.00","3036.00","3036.00","3036.00","3036.00","3036.00"
"Liberia","8008.76","8008.76","7619.78","7036.57","6529.42","6326.52","9632.00","9632.00","9632.00","9632.00","9632.00","9632.00"
"Libya","217.00","213.67","210.34","208.67","207.00","205.33","175954.00","175954.00","175954.00","175954.00","175954.00","175954.00"
"Liechtenstein","5.20","5.38","5.55","5.55","5.55","5.98","16.00","16.00","16.00","16.00","16.00","16.00"
"Lithuania","1945.00","2020.00","2170.00","2187.00","2202.19","2216.34","6268.00","6268.00","6267.50","6265.00","6262.00","6260.00"
"Luxembourg","85.80","86.70","88.70","88.70","88.70","88.70","257.45","257.45","257.45","257.45","257.45","257.45"
"Madagascar","13677.14","13014.36","11946.26","11145.60","10543.47","9922.08","58154.00","58154.00","58154.00","58180.00","58180.00","58180.00"
"Malawi","3501.76","3081.70","2661.70","2451.70","2241.70","2031.70","9428.00","9428.00","9428.00","9428.00","9428.00","9428.00"
"Malaysia","20618.50","19691.35","18947.65","19464.22","19184.74","18884.74","32855.00","32855.00","32855.00","32855.00","32855.00","32855.00"
"Maldives","3.72","3.72","3.72","3.72","3.72","3.72","30.00","30.00","30.00","30.00","30.00","29.80"
"Mali","13998.36","12992.90","11987.44","11484.71","10981.98","10479.25","122019.00","122019.00","122019.00","122019.00","122019.00","122019.00"
"Malta","0.35","0.35","0.35","0.35","0.46","0.47","32.00","32.00","32.00","32.00","32.00","32.00"
"Marshall Islands","9.40","9.40","9.40","9.40","9.71","9.71","18.00","18.00","18.00","18.00","18.00","18.00"
"Martinique","47.84","48.74","50.29","51.29","52.29","52.67","106.00","106.00","106.00","106.00","106.00","106.00"
"Mauritania","927.15","953.43","979.70","992.84","1005.98","1019.13","103070.00","103070.00","103070.00","103070.00","103070.00","103070.00"
"Mauritius","41.07","41.93","38.36","38.30","38.29","38.29","203.00","203.00","203.00","203.00","203.00","199.70"
"Mayotte","19.25","14.79","10.41","10.05","9.77","9.60","37.40","37.40","37.40","37.40","37.40","36.63"
"Mexico","71803.93","69593.66","68155.65","67543.26","66904.42","66265.59","194395.00","194395.00","194395.00","194395.00","194395.00","194395.00"
"Micronesia (Federated States of)","63.58","63.86","64.13","64.27","64.42","64.57","70.00","70.00","70.00","70.00","70.00","70.00"
"Monaco","0.00","0.00","0.00","0.00","0.00","0.00","0.20","0.20","0.20","0.20","0.20","0.21"
"Mongolia","14352.00","14263.90","14183.90","14178.33","14178.33","14178.33","154743.87","154743.87","155729.24","155725.54","155750.68","155849.98"
"Montenegro","626.00","626.00","827.00","827.00","827.00","827.00","1345.00","1345.00","1345.00","1345.00","1345.00","1345.00"
"Montserrat","3.50","2.42","2.42","2.42","2.42","2.42","10.00","10.00","10.00","10.00","10.00","10.00"
"Morocco","5700.99","5698.67","5695.70","5689.90","5693.77","5695.34","44630.00","44630.00","44630.00","44630.00","44630.00","44630.00"
"Mozambique","41588.91","38918.62","36248.33","34913.19","33578.04","32242.90","78638.00","78638.00","78638.00","78638.00","78638.00","78638.00"
"Myanmar","39218.48","34868.11","31441.00","29992.44","28543.88","27095.32","65354.00","65354.00","65326.00","65308.00","65267.00","65267.00"
"Namibia","8769.17","8059.08","8052.63","8049.41","8046.18","8042.96","82329.00","82329.00","82329.00","82329.00","82329.00","82329.00"
"Nauru","0.00","0.00","0.00","0.00","0.00","0.00","2.00","2.00","2.00","2.00","2.00","2.00"
"Nepal","5748.11","5915.52","6082.93","6100.45","6183.35","6266.25","14300.00","14335.00","14335.00","14335.00","14335.00","14335.00"
"Netherlands (Kingdom of the)","345.33","359.50","373.48","364.83","367.08","369.33","3376.00","3376.00","3373.00","3367.00","3367.00","3367.00"
"New Caledonia","831.13","837.85","839.02","892.61","892.61","892.61","1828.00","1828.00","1828.00","1828.00","1828.00","1828.00"
"New Zealand","9372.27","9850.44","9848.12","9846.61","9965.29","10303.03","26331.00","26331.00","26331.00","26331.00","26331.00","26331.00"
"Nicaragua","7098.90","6105.70","5112.50","5001.90","4891.33","4780.70","12034.00","12034.00","12034.00","12034.00","12034.00","12034.00"
"Niger","1945.00","1328.10","1203.90","1141.80","1079.70","1055.10","126670.00","126670.00","126670.00","126670.00","126670.00","126670.00"
"Nigeria","21570.86","20302.03","19033.20","18398.78","17764.37","17129.96","91077.00","91077.00","91077.00","91077.00","91077.00","91077.00"
"Niue","18.93","18.83","18.77","18.82","18.87","18.87","26.00","26.00","26.00","26.00","26.00","26.00"
"Norfolk Island","0.49","0.49","0.49","0.49","0.49","0.49","4.00","4.00","4.00","4.00","4.00","4.00"
"North Macedonia","912.00","957.55","960.43","994.40","1042.32","1026.10","2543.00","2543.00","2522.00","2522.00","2522.00","2522.00"
"Northern Mariana Islands","20.32","20.32","20.32","24.36","24.36","24.36","46.00","46.00","46.00","46.00","46.00","46.00"
"Norway","12216.87","12198.48","12149.29","12132.98","12120.81","12108.64","30424.60","30424.60","30424.85","30419.30","30407.31","36427.00"
"Oman","1.60","1.60","1.60","1.60","1.60","1.60","30950.00","30950.00","30950.00","30950.00","30950.00","30950.00"
"Pakistan","3461.01","3316.91","3164.83","3036.05","3088.53","3192.46","77088.00","77088.00","77088.00","77088.00","77088.00","77088.00"
"Palau","38.15","39.58","40.56","40.99","41.42","41.87","46.00","46.00","46.00","46.00","46.00","46.00"
"Palestine","9.08","9.08","9.98","10.57","11.10","11.10","602.00","602.00","602.00","602.00","602.00","602.50"
"Panama","4956.04","4790.78","4676.63","4644.75","4629.68","4614.61","7434.00","7434.00","7434.00","7412.00","7418.00","7418.00"
"Papua New Guinea","34614.36","34395.22","34176.04","34153.01","34047.71","34028.96","45286.00","45286.00","45286.00","45286.00","45286.00","45286.00"
"Paraguay","25679.68","21909.71","18139.75","16369.67","15115.94","14297.39","39730.00","39730.00","39730.00","39730.00","39730.00","39601.20"
"Peru","77037.89","74044.52","71051.15","69554.46","68656.45","67159.76","128000.00","128000.00","128000.00","128000.00","128000.00","128000.00"
"Philippines","7778.81","7309.26","6839.72","7014.15","7226.39","7438.64","29817.00","29817.00","29817.00","29817.00","29817.00","29817.00"
"Pitcairn","3.69","3.69","3.69","3.69","3.69","3.69","4.70","4.70","4.70","4.70","4.70","4.70"
"Poland","8882.00","9059.00","9329.00","9420.00","9464.20","9495.00","30629.00","30629.00","30628.00","30619.00","30613.00","30627.00"
"Portugal","3438.42","3348.57","3251.88","3311.83","3334.39","3362.63","9150.00","9150.00","9159.00","9160.56","9160.56","9160.56"
"Puerto Rico","303.83","429.15","491.45","488.18","473.24","502.82","887.00","887.00","887.00","887.00","887.00","887.00"
"Qatar","1.40","1.40","1.40","1.40","1.40","1.40","1161.00","1161.00","1161.00","1149.00","1149.00","1149.00"
"Republic of Korea","6551.00","6476.00","6387.00","6337.00","6298.00","6279.13","9646.00","9646.00","9720.00","9744.50","9760.00","9760.00"
"Republic of Moldova","325.40","344.40","374.50","386.40","373.20","370.30","3287.00","3288.00","3285.00","3288.00","3288.46","3293.00"
"Réunion","67.95","70.97","73.99","76.05","77.07","77.15","250.00","250.00","250.00","251.00","251.00","251.00"
"Romania","6371.00","6366.00","6515.00","6900.96","6929.05","6957.13","22935.00","22971.00","23005.00","23008.00","23008.00","23008.00"
"Russian Federation","811641.29","812445.37","821501.93","823206.17","828432.20","832629.93","1638995.00","1638134.00","1637687.00","1637687.00","1637687.00","1637687.00"
"Rwanda","436.85","409.23","416.24","489.03","561.83","634.63","2467.00","2467.00","2467.00","2467.00","2467.00","2467.00"
"Saint Barthélemy","0.17","0.17","0.17","0.17","0.17","0.17","2.00","2.00","2.00","2.00","2.00","2.00"
"Saint Kitts and Nevis","11.00","11.00","11.00","11.00","11.00","11.00","26.00","26.00","26.00","26.00","26.00","26.00"
"Saint Lucia","27.06","29.06","31.06","32.06","32.59","32.84","61.00","61.00","61.00","61.00","61.00","61.00"
"Saint Martin (French Part)","1.24","1.24","1.24","1.24","1.24","1.24","5.00","5.00","5.00","5.00","5.00","5.00"
"Saint Pierre and Miquelon","1.90","1.67","1.45","1.33","1.21","1.10","23.00","23.00","23.00","23.00","23.00","23.00"
"Saint Vincent and the Grenadines","28.52","28.54","28.55","28.55","28.56","28.56","39.00","39.00","39.00","39.00","39.00","39.00"
"Samoa","176.58","171.77","166.96","164.56","162.16","159.76","283.00","283.00","283.00","283.00","278.00","278.00"
"San Marino","1.00","1.00","1.00","1.00","1.00","1.00","6.00","6.00","6.00","6.00","6.00","6.00"
"Sao Tome and Principe","59.07","58.54","58.00","55.03","55.15","55.28","96.00","96.00","96.00","96.00","96.00","96.00"
"Saudi Arabia","2768.05","2768.05","2768.05","2768.05","2768.05","2775.55","214969.00","214969.00","214969.00","214969.00","214969.00","214969.00"
"Senegal","9193.36","9037.91","8882.46","8804.74","8727.02","8649.32","19253.00","19253.00","19253.00","19253.00","19253.00","19253.00"
"Serbia","2313.00","2483.20","2879.99","3078.40","3276.80","3475.20","8746.00","8746.00","8746.00","8746.00","8746.00","8409.00"
"Seychelles","34.13","31.96","29.79","28.70","27.61","26.52","46.00","46.00","46.00","46.00","46.00","46.00"
"Sierra Leone","3126.70","2929.43","2732.16","2633.53","2534.90","2436.27","7218.00","7218.00","7218.00","7218.00","7218.00","7218.00"
"Singapore","14.83","17.01","17.74","16.47","15.25","14.73","67.00","67.00","70.20","70.90","71.80","71.80"
"Sint Maarten (Dutch part)","0.30","0.30","0.30","0.30","0.30","0.30","3.40","3.40","3.40","3.40","3.40","3.40"
"Slovakia","1902.48","1901.41","1917.91","1921.75","1931.22","1940.49","4810.00","4810.00","4809.10","4808.20","4808.00","4808.00"
"Slovenia","1188.00","1233.00","1247.00","1248.00","1243.83","1243.55","2014.00","2014.00","2014.62","2014.26","2013.64","2013.45"
"Solomon Islands","2539.71","2532.34","2524.96","2521.27","2517.60","2513.93","2799.00","2799.00","2799.00","2799.00","2799.00","2799.00"
"Somalia","8283.50","7516.00","6748.50","5979.00","5209.50","4829.75","62734.00","62734.00","62734.00","62734.00","62734.00","62734.00"
"South Africa","19816.56","20692.24","21567.92","22005.76","22443.59","22881.42","121309.00","121309.00","121309.00","121309.00","121309.00","121309.00"
"South Sudan","7104.20","7114.20","7136.20","7157.00","7152.50","7160.00","63193.00","63193.00","63193.00","63193.00","63193.00","63193.00"
"Spain","13904.66","17093.93","18566.19","18575.35","18982.06","19132.78","49944.00","49900.00","50001.00","49966.10","49955.66","49969.74"
"Sri Lanka","2369.94","2231.14","2155.96","2098.25","2145.41","2120.69","6271.00","6271.00","6271.00","6189.30","6186.00","6186.00"
"Sudan","28075.30","26333.90","24592.50","23721.80","22851.10","21980.40","186800.00","186800.00","186800.00","186800.00","186800.00","186800.00"
"Suriname","14866.25","14901.98","14862.02","14838.61","14765.46","14674.20","15600.00","15600.00","15600.00","15600.00","15600.00","16050.76"
"Svalbard and Jan Mayen Islands","0.00","0.00","0.00","0.00","0.00","0.00","6100.00","6100.00","6099.77","6099.77","6021.17","6021.17"
"Sweden","28063.00","28163.00","28073.00","27980.00","27934.00","27934.00","40733.97","40733.97","40733.97","40731.06","40728.35","40727.00"
"Switzerland","1153.50","1196.18","1234.72","1248.70","1257.86","1267.02","3952.90","3952.40","3951.60","3951.60","3951.60","3950.96"
"Syrian Arab Republic","450.99","460.77","511.98","527.27","527.65","527.81","18378.00","18378.00","18363.00","18363.00","18363.00","18363.00"
"Tajikistan","408.00","410.00","410.00","421.80","423.00","424.50","13996.00","13996.00","13996.00","13879.00","13879.00","13879.00"
"Thailand","20235.00","20165.00","20095.00","20060.00","20337.56","19647.48","51089.00","51089.00","51089.00","51089.00","51089.00","51089.00"
"Timor-Leste","1100.57","1086.57","1072.57","1065.57","1058.57","1054.33","1487.00","1487.00","1487.00","1487.00","1487.00","1487.00"
"Togo","1298.06","1268.46","1238.87","1224.07","1209.26","1224.46","5439.00","5439.00","5439.00","5439.00","5439.00","5439.00"
"Tokelau","0.00","0.00","0.00","0.00","0.00","0.00","1.00","1.00","1.00","1.00","1.00","1.00"
"Tonga","8.73","8.73","8.73","8.73","8.73","8.73","72.00","72.00","72.00","72.00","72.00","72.00"
"Trinidad and Tobago","240.90","236.65","232.41","230.29","228.17","226.05","513.00","513.00","513.00","513.00","513.00","513.00"
"Tunisia","643.98","667.84","703.43","704.93","699.00","687.49","15536.00","15536.00","15536.00","15536.00","15536.00","15536.00"
"Türkiye","19783.48","20148.35","21083.08","21630.30","22220.36","22805.76","76963.00","76963.00","76963.00","76963.00","76963.00","76963.00"
"Turkmenistan","2330.00","2330.00","2330.00","2330.00","2330.00","2330.00","46993.00","46993.00","46993.00","46993.00","46993.00","46993.00"
"Turks and Caicos Islands","10.52","10.52","10.52","10.52","10.52","10.52","95.00","95.00","95.00","95.00","95.00","95.00"
"Tuvalu","1.03","1.03","1.03","1.03","1.03","1.03","3.00","3.00","3.00","3.00","3.00","3.00"
"Uganda","4548.03","3400.84","2899.37","2648.64","2508.16","2367.67","19981.00","19981.00","20052.00","20052.00","20052.00","20052.00"
"Ukraine","9274.00","9510.00","9548.00","9700.00","9900.00","10090.00","57935.00","57935.00","57932.00","57929.00","57940.00","57940.00"
"United Arab Emirates","314.77","314.97","319.55","321.22","322.90","324.58","7102.00","7102.00","7102.00","7102.00","7102.00","7102.00"
"United Kingdom of Great Britain and Northern Ireland","2778.00","2954.00","3059.00","3155.00","3215.00","3278.00","24193.00","24193.00","24193.00","24193.00","24193.00","24193.00"
"United Republic of Tanzania","58165.00","54135.00","50105.00","48090.00","45745.00","43400.00","88580.00","88580.00","88580.00","88580.00","88580.00","88580.00"
"United States of America","302450.00","303536.00","308720.00","310095.00","309255.00","308895.00","915896.00","916192.00","914742.00","914742.00","914742.00","914742.00"
"United States Virgin Islands","20.41","19.29","18.43","19.16","19.91","20.66","35.00","35.00","35.00","35.00","35.00","35.00"
"Uruguay","879.44","1336.29","1695.93","1834.39","1932.03","2062.51","17502.00","17502.00","17502.00","17502.00","17502.00","17502.00"
"Uzbekistan","2549.37","2961.46","3349.60","3549.40","3689.00","3894.19","43596.50","43596.50","43589.20","44060.00","44065.00","44065.00"
"Vanuatu","990.89","967.05","943.20","931.28","919.36","907.44","1219.00","1219.00","1219.00","1219.00","1219.00","1219.00"
"Venezuela (Bolivarian Republic of)","50483.58","49231.58","48382.05","47879.23","47334.70","47088.24","88205.00","88205.00","88205.00","88205.00","88205.00","88205.00"
"Viet Nam","9375.96","11784.10","13388.06","14061.86","14677.22","14790.08","31106.00","31106.00","31329.40","31338.30","31342.90","31342.90"
"Wallis and Futuna Islands","9.63","9.14","9.48","9.92","10.37","10.82","14.00","14.00","14.00","14.00","14.00","14.20"
"Western Sahara","605.45","539.54","537.23","539.50","533.21","529.22","26600.00","26600.00","26600.00","26600.00","26600.00","26600.00"
"Yemen","549.00","549.00","549.00","549.00","549.00","549.00","52797.00","52797.00","52797.00","52797.00","52797.00","52797.00"
"Zambia","47412.00","47054.00","46696.00","45755.10","45360.07","44874.29","74339.00","74339.00","74339.00","74339.00","74339.00","74339.00"
"Zimbabwe","16715.38","15658.19","14601.00","14302.67","14031.01","13766.01","38685.00","38685.00","38685.00","38685.00","38685.00","38685.00"
"© FRA 2026","","","","","","","","","","","",""