Entity,Code,Year,Share of land covered by forest,Share of land covered by forest (Annotations)
Afghanistan,AFG,diff_2025_minus_1990,0.0,
Albania,ALB,diff_2025_minus_1990,5.554746999999999,
Algeria,DZA,diff_2025_minus_1990,-0.009908730000000032,
American Samoa,ASM,diff_2025_minus_1990,-11.099999999999994,
Andorra,AND,diff_2025_minus_1990,1.1276590000000013,
Angola,AGO,diff_2025_minus_1990,-11.446987,
Antigua and Barbuda,ATG,diff_2025_minus_1990,-5.272725999999999,
Argentina,ARG,diff_2025_minus_1990,-3.4317449999999994,
Armenia,ARM,diff_2025_minus_1990,-0.02212800000000037,
Aruba,ABW,diff_2025_minus_1990,0.0,
Australia,AUS,diff_2025_minus_1990,-0.13170300000000168,
Austria,AUT,diff_2025_minus_1990,1.5540459999999996,
Azerbaijan,AZE,diff_2025_minus_1990,3.2537209999999988,
Bahamas,BHS,diff_2025_minus_1990,0.0,
Bahrain,BHR,diff_2025_minus_1990,3.7974688000000003,
Bangladesh,BGD,diff_2025_minus_1990,-0.8595690000000005,
Barbados,BRB,diff_2025_minus_1990,0.0,
Belarus,BLR,diff_2025_minus_1990,5.888962999999997,
Belgium,BEL,diff_2025_minus_1990,-0.22561899999999824,
Belize,BLZ,diff_2025_minus_1990,-11.608069999999998,
Benin,BEN,diff_2025_minus_1990,-34.115377,
Bermuda,BMU,diff_2025_minus_1990,0.0,
Bhutan,BTN,diff_2025_minus_1990,4.4053499999999985,
Bolivia,BOL,diff_2025_minus_1990,-6.834645999999999,
Bosnia and Herzegovina,BIH,diff_2025_minus_1990,-0.9359350000000006,
Botswana,BWA,diff_2025_minus_1990,0.004058999999998036,
Brazil,BRA,diff_2025_minus_1990,-15.835658000000002,
British Virgin Islands,VGB,diff_2025_minus_1990,-0.19999400000000378,
Brunei,BRN,diff_2025_minus_1990,-6.261859999999999,
Bulgaria,BGR,diff_2025_minus_1990,5.821664000000002,
Burkina Faso,BFA,diff_2025_minus_1990,-18.501975,
Burundi,BDI,diff_2025_minus_1990,0.12305250000000001,
Cambodia,KHM,diff_2025_minus_1990,-26.4651,
Cameroon,CMR,diff_2025_minus_1990,-7.101138999999996,
Canada,CAN,diff_2025_minus_1990,0.914989999999996,
Cape Verde,CPV,diff_2025_minus_1990,4.357320000000001,
Cayman Islands,CYM,diff_2025_minus_1990,-1.7083319999999986,
Central African Republic,CAF,diff_2025_minus_1990,-2.1510200000000026,
Chad,TCD,diff_2025_minus_1990,-2.4767791999999997,
Chile,CHL,diff_2025_minus_1990,1.8169360000000019,
China,CHN,diff_2025_minus_1990,7.457481999999999,
Colombia,COL,diff_2025_minus_1990,-5.088719999999995,
Comoros,COM,diff_2025_minus_1990,-7.4099949999999986,
Congo,COG,diff_2025_minus_1990,-1.1748129999999932,
Costa Rica,CRI,diff_2025_minus_1990,4.522133000000004,
Cote d'Ivoire,CIV,diff_2025_minus_1990,-14.223174,
Croatia,HRV,diff_2025_minus_1990,1.7190799999999982,
Cuba,CUB,diff_2025_minus_1990,12.624082999999999,
Curacao,CUW,diff_2025_minus_1990,0.0,
Cyprus,CYP,diff_2025_minus_1990,1.146101999999999,
Czechia,CZE,diff_2025_minus_1990,1.6700440000000043,
Democratic Republic of Congo,COD,diff_2025_minus_1990,-9.418035000000003,
Denmark,DNK,diff_2025_minus_1990,2.7780000000000005,
Djibouti,DJI,diff_2025_minus_1990,0.01423642,
Dominica,DMA,diff_2025_minus_1990,-1.9733300000000042,
Dominican Republic,DOM,diff_2025_minus_1990,2.599899999999998,
East Timor,TLS,diff_2025_minus_1990,-3.1096200000000067,
Ecuador,ECU,diff_2025_minus_1990,-9.348888000000002,
Egypt,EGY,diff_2025_minus_1990,0.0002009144000000001,
El Salvador,SLV,diff_2025_minus_1990,-2.4454610000000017,
Equatorial Guinea,GNQ,diff_2025_minus_1990,-10.428870000000003,
Eritrea,ERI,diff_2025_minus_1990,-1.7290860000000006,
Estonia,EST,diff_2025_minus_1990,5.636555000000001,
Eswatini,SWZ,diff_2025_minus_1990,-3.052325999999997,
Ethiopia,ETH,diff_2025_minus_1990,-1.586431000000001,
European Union (27),,diff_2025_minus_1990,4.000353999999994,
Faroe Islands,FRO,diff_2025_minus_1990,0.0,
Fiji,FJI,diff_2025_minus_1990,10.777777,
Finland,FIN,diff_2025_minus_1990,2.1966560000000044,
France,FRA,diff_2025_minus_1990,6.1345220000000005,
French Guiana,GUF,diff_2025_minus_1990,-1.7124749999999977,
French Polynesia,PYF,diff_2025_minus_1990,1.449150000000003,
Gabon,GAB,diff_2025_minus_1990,-0.8496099999999984,
Gambia,GMB,diff_2025_minus_1990,-20.282607999999996,
Georgia,GEO,diff_2025_minus_1990,1.0087760000000046,
Germany,DEU,diff_2025_minus_1990,0.5192340000000044,
Ghana,GHA,diff_2025_minus_1990,5.494586999999999,
Greece,GRC,diff_2025_minus_1990,8.176105999999997,
Greenland,GRL,diff_2025_minus_1990,0.0,
Grenada,GRD,diff_2025_minus_1990,0.0,
Guam,GUM,diff_2025_minus_1990,7.907409000000001,
Guatemala,GTM,diff_2025_minus_1990,-12.287793999999998,
Guinea,GIN,diff_2025_minus_1990,-9.542976,
Guinea-Bissau,GNB,diff_2025_minus_1990,-5.611659999999986,
Guyana,GUY,diff_2025_minus_1990,-1.142793999999995,
Haiti,HTI,diff_2025_minus_1990,0.10522450000000028,
High-income countries,,diff_2025_minus_1990,1.040233999999998,
Honduras,HND,diff_2025_minus_1990,-15.934225999999995,
Hungary,HUN,diff_2025_minus_1990,2.9966030000000003,
Iceland,ISL,diff_2025_minus_1990,0.43191513000000004,
India,IND,diff_2025_minus_1990,2.96012,
Indonesia,IDN,diff_2025_minus_1990,-10.760689999999997,
Iran,IRN,diff_2025_minus_1990,0.0,
Iraq,IRQ,diff_2025_minus_1990,-0.25556979999999996,
Ireland,IRL,diff_2025_minus_1990,5.3884455,
Isle of Man,IMN,diff_2025_minus_1990,0.07017570000000006,
Italy,ITA,diff_2025_minus_1990,6.1957590000000025,
Jamaica,JAM,diff_2025_minus_1990,8.774700000000003,
Japan,JPN,diff_2025_minus_1990,-0.11522999999999683,
Jordan,JOR,diff_2025_minus_1990,0.0,
Kazakhstan,KAZ,diff_2025_minus_1990,0.13270739999999992,
Kenya,KEN,diff_2025_minus_1990,0.30433610000000044,
Kiribati,KIR,diff_2025_minus_1990,0.0,
Kuwait,KWT,diff_2025_minus_1990,0.15993265000000004,
Kyrgyzstan,KGZ,diff_2025_minus_1990,0.6207510000000003,
Laos,LAO,diff_2025_minus_1990,-5.906583999999995,
Latvia,LVA,diff_2025_minus_1990,4.723765999999998,
Lebanon,LBN,diff_2025_minus_1990,0.332357,
Lesotho,LSO,diff_2025_minus_1990,0.0,
Liberia,LBR,diff_2025_minus_1990,-17.465109999999996,
Libya,LBY,diff_2025_minus_1990,-0.00663242,
Liechtenstein,LIE,diff_2025_minus_1990,4.875,
Lithuania,LTU,diff_2025_minus_1990,4.3342279999999995,
Low-income countries,,diff_2025_minus_1990,-4.830580000000001,
Lower-middle-income countries,,diff_2025_minus_1990,-3.649327999999997,
Luxembourg,LUX,diff_2025_minus_1990,1.1264499999999984,
Madagascar,MDG,diff_2025_minus_1990,-6.454212000000002,
Malawi,MWI,diff_2025_minus_1990,-15.592489,
Malaysia,MYS,diff_2025_minus_1990,-5.277004000000005,
Maldives,MDV,diff_2025_minus_1990,0.0,
Mali,MLI,diff_2025_minus_1990,-2.884067,
Malta,MLT,diff_2025_minus_1990,0.375,
Marshall Islands,MHL,diff_2025_minus_1990,1.7222229999999996,
Mauritania,MRT,diff_2025_minus_1990,0.08924029999999994,
Mauritius,MUS,diff_2025_minus_1990,-1.3920890000000021,
Mexico,MEX,diff_2025_minus_1990,-2.84901,
Micronesia (country),FSM,diff_2025_minus_1990,1.4142849999999925,
Moldova,MDA,diff_2025_minus_1990,1.365157,
Monaco,MCO,diff_2025_minus_1990,0.0,
Mongolia,MNG,diff_2025_minus_1990,-0.1115049999999993,
Montenegro,MNE,diff_2025_minus_1990,14.944237999999999,
Morocco,MAR,diff_2025_minus_1990,-0.012659000000001086,
Mozambique,MOZ,diff_2025_minus_1990,-11.88485,
Myanmar,MMR,diff_2025_minus_1990,-18.574714,
Namibia,NAM,diff_2025_minus_1990,-0.8820829999999997,
Nauru,NRU,diff_2025_minus_1990,0.0,
Nepal,NPL,diff_2025_minus_1990,3.6145100000000028,
Netherlands,NLD,diff_2025_minus_1990,0.7128010000000007,
New Caledonia,NCL,diff_2025_minus_1990,3.3632399999999976,
New Zealand,NZL,diff_2025_minus_1990,3.5348499999999987,
Nicaragua,NIC,diff_2025_minus_1990,-19.26375,
Niger,NER,diff_2025_minus_1990,-0.7025341,
Nigeria,NGA,diff_2025_minus_1990,-4.875983999999999,
North Korea,PRK,diff_2025_minus_1990,2.2631059999999934,
North Macedonia,MKD,diff_2025_minus_1990,4.524186,
Northern Mariana Islands,MNP,diff_2025_minus_1990,8.782607999999996,
Norway,NOR,diff_2025_minus_1990,-0.297114999999998,
Oman,OMN,diff_2025_minus_1990,0.0,
Pakistan,PAK,diff_2025_minus_1990,-0.3483679999999998,
Palau,PLW,diff_2025_minus_1990,8.08695200000001,
Panama,PAN,diff_2025_minus_1990,-4.602720000000005,
Papua New Guinea,PNG,diff_2025_minus_1990,-1.292670000000001,
Paraguay,PRY,diff_2025_minus_1990,-28.742275999999997,
Peru,PER,diff_2025_minus_1990,-7.717286999999999,
Philippines,PHL,diff_2025_minus_1990,-1.14086,
Poland,POL,diff_2025_minus_1990,2.0026790000000005,
Portugal,PRT,diff_2025_minus_1990,-0.8273500000000027,
Puerto Rico,PRI,diff_2025_minus_1990,14.907550999999998,
Qatar,QAT,diff_2025_minus_1990,0.0,
Romania,ROU,diff_2025_minus_1990,2.547504,
Russia,RUS,diff_2025_minus_1990,1.281601000000002,
Rwanda,RWA,diff_2025_minus_1990,8.017025,
Saint Kitts and Nevis,KNA,diff_2025_minus_1990,0.0,
Saint Lucia,LCA,diff_2025_minus_1990,9.475409999999997,
Saint Martin (French part),MAF,diff_2025_minus_1990,0.0,
Saint Vincent and the Grenadines,VCT,diff_2025_minus_1990,0.10256600000001015,
Samoa,WSM,diff_2025_minus_1990,-6.050361000000002,
San Marino,SMR,diff_2025_minus_1990,0.0,
Sao Tome and Principe,STP,diff_2025_minus_1990,-3.9479180000000014,
Saudi Arabia,SAU,diff_2025_minus_1990,0.0034887999999999586,
Senegal,SEN,diff_2025_minus_1990,-2.8257400000000032,
Serbia,SRB,diff_2025_minus_1990,13.820907000000002,
Seychelles,SYC,diff_2025_minus_1990,-16.543484,
Sierra Leone,SLE,diff_2025_minus_1990,-9.565392000000003,
Singapore,SGP,diff_2025_minus_1990,1.3509749999999983,
Sint Maarten (Dutch part),SXM,diff_2025_minus_1990,0.0,
Slovakia,SVK,diff_2025_minus_1990,0.7905580000000043,
Slovenia,SVN,diff_2025_minus_1990,2.758685,
Solomon Islands,SLB,diff_2025_minus_1990,-0.9210459999999898,
Somalia,SOM,diff_2025_minus_1990,-5.505388000000001,
South Africa,ZAF,diff_2025_minus_1990,2.526491,
South Korea,KOR,diff_2025_minus_1990,-2.7855500000000006,
South Sudan,SSD,diff_2025_minus_1990,0.08830099999999952,
Spain,ESP,diff_2025_minus_1990,10.462230000000002,
Sri Lanka,LKA,diff_2025_minus_1990,-4.029258000000006,
Sudan,SDN,diff_2025_minus_1990,-3.2627950000000006,
Suriname,SUR,diff_2025_minus_1990,-1.1965140000000076,
Sweden,SWE,diff_2025_minus_1990,-0.3167399999999958,
Switzerland,CHE,diff_2025_minus_1990,2.8732229999999994,
Syria,SYR,diff_2025_minus_1990,0.41484029999999983,
Tajikistan,TJK,diff_2025_minus_1990,0.11888480000000001,
Tanzania,TZA,diff_2025_minus_1990,-16.668539999999993,
Thailand,THA,diff_2025_minus_1990,-1.149993000000002,
Togo,TGO,diff_2025_minus_1990,-1.3531900000000014,
Tonga,TON,diff_2025_minus_1990,0.0,
Trinidad and Tobago,TTO,diff_2025_minus_1990,-2.8947369999999992,
Tunisia,TUN,diff_2025_minus_1990,0.28005950000000013,
Turkey,TUR,diff_2025_minus_1990,3.926925999999998,
Turkmenistan,TKM,diff_2025_minus_1990,0.0,
Turks and Caicos Islands,TCA,diff_2025_minus_1990,0.0,
Tuvalu,TUV,diff_2025_minus_1990,0.0,
Uganda,UGA,diff_2025_minus_1990,-10.873529000000001,
Ukraine,UKR,diff_2025_minus_1990,1.4083520000000007,
United Arab Emirates,ARE,diff_2025_minus_1990,0.13812999999999942,
United Kingdom,GBR,diff_2025_minus_1990,2.066714000000001,
United States,USA,diff_2025_minus_1990,0.7045749999999984,
United States Virgin Islands,VIR,diff_2025_minus_1990,0.7142869999999988,
Upper-middle-income countries,,diff_2025_minus_1990,-2.819747999999997,
Uruguay,URY,diff_2025_minus_1990,6.539596,
Uzbekistan,UZB,diff_2025_minus_1990,3.0518874999999994,
Vanuatu,VUT,diff_2025_minus_1990,-6.845775000000003,
Venezuela,VEN,diff_2025_minus_1990,-3.849373,
Vietnam,VNM,diff_2025_minus_1990,17.273833999999997,
Western Sahara,ESH,diff_2025_minus_1990,-0.2802572000000001,
World,OWID_WRL,diff_2025_minus_1990,-1.5673719999999989,
Yemen,YEM,diff_2025_minus_1990,0.0,
Zambia,ZMB,diff_2025_minus_1990,-3.413705,
Zimbabwe,ZWE,diff_2025_minus_1990,-7.624068999999999,