"","Most recent year:","#1 Ranked","#1 Ranked","#1 Ranked","#2 Ranked","#2 Ranked","#2 Ranked","#3 Ranked","#3 Ranked","#3 Ranked","#4 Ranked","#4 Ranked","#4 Ranked","#5 Ranked","#5 Ranked","#5 Ranked","#6 Ranked","#6 Ranked","#6 Ranked","#7 Ranked","#7 Ranked","#7 Ranked","#8 Ranked","#8 Ranked","#8 Ranked","#9 Ranked","#9 Ranked","#9 Ranked","#10 Ranked","#10 Ranked","#10 Ranked","Remaining native tree species","Remaining native tree species","Remaining native tree species","TOTAL native tree species","TOTAL native tree species","TOTAL native tree species","#1 Ranked","#1 Ranked","#1 Ranked","#2 Ranked","#2 Ranked","#2 Ranked","#3 Ranked","#3 Ranked","#3 Ranked","#4 Ranked","#4 Ranked","#4 Ranked","#5 Ranked","#5 Ranked","#5 Ranked","Remaining introduced tree species","Remaining introduced tree species","Remaining introduced tree species","TOTAL introduced tree species","TOTAL introduced tree species","TOTAL introduced tree species","Total growing stock","Total growing stock","Total growing stock"
"","Most recent year:","Common name","Million m³","% of total growing stock in forest","Common name","Million m³","% of total growing stock in forest","Common name","Million m³","% of total growing stock in forest","Common name","Million m³","% of total growing stock in forest","Common name","Million m³","% of total growing stock in forest","Common name","Million m³","% of total growing stock in forest","Common name","Million m³","% of total growing stock in forest","Common name","Million m³","% of total growing stock in forest","Common name","Million m³","% of total growing stock in forest","Common name","Million m³","% of total growing stock in forest","Common name","Million m³","% of total growing stock in forest","Common name","Million m³","% of total growing stock in forest","Common name","Million m³","% of total growing stock in forest","Common name","Million m³","% of total growing stock in forest","Common name","Million m³","% of total growing stock in forest","Common name","Million m³","% of total growing stock in forest","Common name","Million m³","% of total growing stock in forest","Common name","Million m³","% of total growing stock in forest","Common name","Million m³","% of total growing stock in forest","Common name","Million m³","% of total growing stock in forest"
"Afghanistan","","","","","","","","","","","","","","","","","","","","","","","","","","","","","","","","","","","","","","","","","","","","","","","","","","","","","","","","","","","","",""
"Albania","2017","","","","","","","","","","","","","","","","","","","","","","","","","","","","","","","","","","","","","","","","","","","","","","","","","","","","","","","","","","","",""
"Algeria","1984","Pin d’Alep","39.66","42.21","Chène liège","20.15","21.45","Cèdre de l'Atlas","7.07","7.52","Thuya","5.98","6.36","Chêne Zeen","4.46","4.75","Chêne Afarès","4.46","4.75","Chêne Vert","4.44","4.73","Pin maritime","1.86","1.98","Genévriers","1.00","1.06","","","","","1.51","1.61","","90.59","96.41","Eucalyptus","3.37","3.59","","","","","","","","","","","","","","","","","3.37","3.59","","93.96",""
"American Samoa","2012","","0.28","16.00","","0.19","10.86","","0.15","8.57","","0.13","7.43","","0.12","6.86","","0.12","6.86","","0.07","4.00","","0.06","3.43","","0.06","3.43","","0.06","3.43","","0.51","29.14","","1.75","100.00","","","","","","","","","","","","","","","","","","","","","","","1.75",""
"Andorra","2022","Pinares de pino negro mesófilos","1.33","29.04","Pinares de pino negro xerófilos","0.91","19.87","Pinares de pino silvestre xerófilos","0.88","19.21","Pinares de pino silvestre mesófilos","0.84","18.34","Bosques mixtos con fresno, abedul y álamo temblón","0.17","3.71","Abetosas (Abies alba)","0.32","6.99","Carrascar","0.03","0.66","Roble pubescente","0.02","0.44","Roble albar","0.01","0.22","Betula pendula","0.01","0.22","","0.06","1.31","","4.58","100.00","","","","","","","","","","","","","","","","","","","","","","","4.58",""
"Angola","2013","Ngungu/Munguati/Omaku/Mukosou/Mucaráti","135.89","5.33","Mumua / Omune / Muntombe","90.40","3.54","Sulo/Manga/Mumanga","86.83","3.40","Musese/Muhala/Okanina-hombo/Muhaiu","75.29","2.95","Acácia da montanha/Mu'unze","74.72","2.93","Copalier(ing)/Muxibi/Mux","69.67","2.73","Omanda/Onduku/Messassa/Mupanda","43.00","1.69","Omukalati","36.51","1.43","Omutuate/Omuthyati/Mopane","29.09","1.14","","16.07","0.63","","1869.19","73.29","","2526.66","99.07","Eucalipto","21.12","0.83","","2.58","0.10","","","","","","","","","","","","","","23.7","0.93","","2550.36",""
"Anguilla","","","","","","","","","","","","","","","","","","","","","","","","","","","","","","","","","","","","","","","","","","","","","","","","","","","","","","","","","","","","",""
"Antigua and Barbuda","","","","","","","","","","","","","","","","","","","","","","","","","","","","","","","","","","","","","","","","","","","","","","","","","","","","","","","","","","","","",""
"Argentina","2000","Lenga","705.62","20.53","Coihue","490.86","14.28","Quebracho blanco","337.47","9.82","Quebracho colorado santiagueño","184.07","5.36","Mistol","122.72","3.57","Caldén","92.04","2.68","Palo santo","61.36","1.79","Algarrobo negro","61.36","1.79","Yuchán","61.36","1.79","Laurel del cerro","61.36","1.79","","889.68","25.89","","3067.9","89.26","Pino ellioti","154.63","4.50","Pino taeda","103.09","3.00","Eucalipto","68.73","2.00","Alamo","11.02","0.32","Sauce","4.72","0.14","","26.85","0.78","","369.04","10.74","","3436.94",""
"Armenia","","","","","","","","","","","","","","","","","","","","","","","","","","","","","","","","","","","","","","","","","","","","","","","","","","","","","","","","","","","","",""
"Aruba","","","","","","","","","","","","","","","","","","","","","","","","","","","","","","","","","","","","","","","","","","","","","","","","","","","","","","","","","","","","",""
"Ascension, Saint Helena and Tristan da Cunha","","","","","","","","","","","","","","","","","","","","","","","","","","","","","","","","","","","","","","","","","","","","","","","","","","","","","","","","","","","","",""
"Australia","","","","","","","","","","","","","","","","","","","","","","","","","","","","","","","","","","","","","","","","","","","","","","","","","","","","","","","","","","","","",""
"Austria","2019","Fichte","699.50","60.39","Buche","120.60","10.41","Europäische Lärche","82.50","7.12","Weißkiefer","68.10","5.88","Weißtanne","50.30","4.34","Eiche unbestimmt","30.90","2.67","Esche unbestimmt","18.90","1.63","Ahorn unbestimmt","18.90","1.63","Schwarzkiefer","9.90","0.85","Hainbuche","8.60","0.74","","42.40","3.66","","1150.6","99.34","Hybridpappel","3.70","0.32","Robinie","2.00","0.17","Douglasie","1.50","0.13","Weymouthskiefer","0.20","0.02","andere Nadelholzarten","0.30","0.03","","0.00","0.00","","7.7","0.66","","1158.3",""
"Azerbaijan","2023","Бук восточный","52.39","31.69","Граб","43.02","26.03","Дуб","38.70","23.41","Тополь","5.92","3.58","Можжевельник","3.90","2.36","Ольха","3.09","1.87","Липа","2.83","1.71","Вяз","1.92","1.16","Клён","0.36","0.22","Ясень","0.02","0.01","","13.15","7.96","","165.3","100.00","","","","","","","","","","","","","","","","","","","","","","","165.3",""
"Bahamas","","","","","","","","","","","","","","","","","","","","","","","","","","","","","","","","","","","","","","","","","","","","","","","","","","","","","","","","","","","","",""
"Bahrain","","السمر","","","السلم","","","لسدر","","","الغاف","","","لعلعلان","","","الصمغ العربي","","","السرح","","","اثب","","","عضب","","","ضبيان","","","","","","","","","","","","","","","","","","","","","","","","","","","","","","","",""
"Bangladesh","2016","Sal","11.65","6.00","Keora","9.71","5.00","Mango","7.22","3.72","Sundri","3.49","1.80","Gewa","2.69","1.39","Gamar","1.90","0.98","Shil Koroi","0.73","0.38","Koroi","0.50","0.26","","0.43","0.22","Baen","0.40","0.21","","69.63","35.85","","108.35","55.79","Jackfruit","6.68","3.44","Mahogani","5.95","3.06","Akashmoni","2.64","1.36","Rain tree","2.58","1.33","Betelnut palm","2.39","1.23","","65.62","33.79","","85.86","44.21","","194.21",""
"Barbados","","","","","","","","","","","","","","","","","","","","","","","","","","","","","","","","","","","","","","","","","","","","","","","","","","","","","","","","","","","","",""
"Belarus","2023","Common Pine","1033.23","54.35","Common Birch","358.84","18.87","Norway Spruce","205.90","10.83","European aspen","50.33","2.65","Common Alder","164.40","8.65","Pedunculate Oak","53.69","2.82","Grey alder","26.08","1.37","Common Ash","2.48","0.13","European Hornbeam","4.24","0.22","Norway Maple","2.04","0.11","","","","","1901.23","100.00","дуб красный","","","сосна Веймутова","","","бук лесной","","","клен ясенелистный, или американский","","","сосна кедровая сибирская","","","","","","","","","","1901.23",""
"Belgium","2018","Chêne sessile - Ch.pédonculé","36.16","20.25","Hêtre","22.57","12.64","Pin sylvestre","11.53","6.46","Bouleau verruqueux - B. pubescent","6.67","3.73","Frêne","5.63","3.15","Erable sycomore","4.02","2.25","Charme","3.41","1.91","Aulne glutineux","2.66","1.49","Saule marsault","1.54","0.86","Mersisier","0.88","0.49","","3.23","1.81","","98.3","55.04","Epicéa commun","50.20","28.11","Douglas","8.30","4.65","Peupliers hybrides","6.54","3.66","Pin noir","4.46","2.50","Mélèzes européen, japonais et hybride","3.84","2.15","","6.95","3.89","","80.29","44.96","","178.59",""
"Belize","","","","","","","","","","","","","","","","","","","","","","","","","","","","","","","","","","","","","","","","","","","","","","","","","","","","","","","","","","","","",""
"Benin","","","","","","","","","","","","","","","","","","","","","","","","","","","","","","","","","","","","","","","","","","","","","","","","","","","","","","","","","","","","",""
"Bermuda","","","","","","","","","","","","","","","","","","","","","","","","","","","","","","","","","","","","","","","","","","","","","","","","","","","","","","","","","","","","",""
"Bhutan","2023","Oak","126.36","16.65","Oak","115.63","15.23","Hemlock","36.61","4.82","Percea","35.22","4.64","Chestnut","33.73","4.44","Maple","27.46","3.62","Rhodendron","26.76","3.53","Blue pie","23.77","3.13","Birch","15.84","2.09","Spruce","14.42","1.90","","303.28","39.95","","759.08","100.00","","0.00","0.00","","0.00","0.00","","0.00","0.00","","0.00","0.00","","0.00","0.00","","0.00","0.00","","0","0.00","","759.08",""
"Bolivia (Plurinational State of)","2020","Ochóo","589.30","13.74","Castaña","283.01","6.60","Bibosi","267.78","6.24","Verdolago","203.88","4.75","Curupau","131.30","3.06","Nui","118.25","2.76","Isigo","117.13","2.73","Mapajo","113.80","2.65","Pacay","100.13","2.33","Cambará","89.41","2.08","","2276.50","53.06","","4290.49","100.00","","","","","","","","","","","","","","","","","","","","","","","4290.49",""
"Bonaire, Sint Eustatius and Saba","","","","","","","","","","","","","","","","","","","","","","","","","","","","","","","","","","","","","","","","","","","","","","","","","","","","","","","","","","","","",""
"Bosnia and Herzegovina","","","","","","","","","","","","","","","","","","","","","","","","","","","","","","","","","","","","","","","","","","","","","","","","","","","","","","","","","","","","",""
"Botswana","","","","","","","","","","","","","","","","","","","","","","","","","","","","","","","","","","","","","","","","","","","","","","","","","","","","","","","","","","","","",""
"Brazil","","","","","","","","","","","","","","","","","","","","","","","","","","","","","","","","","","","","","","","","","","","","","","","","","","","","","","","","","","","","",""
"British Virgin Islands","","","","","","","","","","","","","","","","","","","","","","","","","","","","","","","","","","","","","","","","","","","","","","","","","","","","","","","","","","","","",""
"Brunei Darussalam","2000","Meranti Sarang Punai","","","Kapur Bukit","","","Kumus","","","Kapur paji","","","Keruing beludu","","","Meranti binatoh","","","Kempas","","","Keruing buah bulat","","","Meranti melantai","","","Meranti kawang burong","","","","","","","","","","","","","","","","","","","","","","","","","","","","","","","",""
"Bulgaria","2020","Beech","185.20","25.78","Scots pine","146.60","20.41","Oak","100.40","13.98","Black Pine","76.60","10.66","Norway Spruce","65.90","9.17","Bitter Oak","49.70","6.92","Hornbeam","29.10","4.05","Silver Fir","16.40","2.28","Lime","14.50","2.02","Balkan pine","4.60","0.64","","21.62","3.01","","710.62","98.91","Douglas Fir","5.20","0.72","Poplars","2.40","0.33","Larch","0.20","0.03","","","","","","","","","","","7.8","1.09","","718.42",""
"Burkina Faso","","","","","","","","","","","","","","","","","","","","","","","","","","","","","","","","","","","","","","","","","","","","","","","","","","","","","","","","","","","","",""
"Burundi","","","","","","","","","","","","","","","","","","","","","","","","","","","","","","","","","","","","","","","","","","","","","","","","","","","","","","","","","","","","",""
"Cabo Verde","2013","","","","","","","","","","","","","","","","","","","","","","","","","","","","","","","","","","","","","","","","","","","","","","","","","","","","","","","","","","","",""
"Cambodia","","","","","","","","","","","","","","","","","","","","","","","","","","","","","","","","","","","","","","","","","","","","","","","","","","","","","","","","","","","","",""
"Cameroon","","","","","","","","","","","","","","","","","","","","","","","","","","","","","","","","","","","","","","","","","","","","","","","","","","","","","","","","","","","","",""
"Canada","2017","black spruce","14921.24","31.94","trembling aspen","4955.92","10.61","lodgepole pine","3189.51","6.83","white spruce","3064.67","6.56","jack pine","1989.31","4.26","western hemlock","1856.40","3.97","subalpine fir","1853.55","3.97","Engelmann spruce","1695.29","3.63","balsam fir","1609.20","3.44","Douglas-fir","1564.63","3.35","","10014.88","21.44","","46714.6","99.99","Norway spruce","3.49","0.01","Scots pine","1.94","0.00","Japanese larch","0.06","0.00","Noble fir","0.00","0.00","","","","","","","","5.49","0.01","","46720.09",""
"Cayman Islands","","","","","","","","","","","","","","","","","","","","","","","","","","","","","","","","","","","","","","","","","","","","","","","","","","","","","","","","","","","","",""
"Central African Republic","","","","","","","","","","","","","","","","","","","","","","","","","","","","","","","","","","","","","","","","","","","","","","","","","","","","","","","","","","","","",""
"Colombia","2022","Macano o pilón","190.29","1.13","Bati o yapurá","176.29","1.05","Matamata, Cargadero blanco o cargadero de gavilán","172.90","1.03","Aceiton","157.94","0.94","Lechoso o Baco","155.70","0.93","Avina, cincuenta centavos o creolino","147.58","0.88","Sapan","141.45","0.84","Higuerillal, Siringa","130.67","0.78","Palo colorado, palo rojo","113.42","0.67","Caracolí o plátano mares","112.11","0.67","","15268.74","90.82","","16767.09","99.74","Pino rojo","9.26","0.06","Pino pátula o pino llorón","6.61","0.04","Eucalipto rosado","5.64","0.03","Pino amarillo","4.44","0.03","Teca","3.21","0.02","","14.99","0.09","","44.15","0.26","","16811.24",""
"Comoros","2010","Mrikudi","","","Mtsongoma msiru","","","Mwanga","","","Mfandrabo","","","Jambolanier","","","","","","","","","","","","","","","","","","","","","","","","Mkinini","","","","","","Manguier","","","","","","","","","","","","","","","","",""
"Congo","","","","","","","","","","","","","","","","","","","","","","","","","","","","","","","","","","","","","","","","","","","","","","","","","","","","","","","","","","","","",""
"Cook Islands","","","","","","","","","","","","","","","","","","","","","","","","","","","","","","","","","","","","","","","","","","","","","","","","","","","","","","","","","","","","",""
"Costa Rica","","","","","","","","","","","","","","","","","","","","","","","","","","","","","","","","","","","","","","","","","","","","","","","","","","","","","","","","","","","","",""
"Côte d'Ivoire","2020","","","","","","","","","","","","","","","","","","","","","","","","","","","","","","","","","","","","","Hévéa","90.40","100.00","","","","","","","","","","","","","","","","","90.4","100.00","","90.4",""
"Croatia","2022","Common beech","160.48","37.04","Pedunculate oak","49.86","11.51","Sessile oak","39.87","9.20","Common hornbeam","36.95","8.53","European silver fir","33.43","7.72","Narrow-leafed ash","11.74","2.71","Norway spruce","9.57","2.21","Turkey oak","8.80","2.03","Black alder","7.45","1.72","Black pine","5.94","1.37","","56.74","13.10","","420.83","97.12","Black locust","8.30","1.92","Euroamerican poplar","1.74","0.40","Eastern white pine (Weymouth pine)","0.86","0.20","European larch","0.63","0.15","Eastern American black walnut","0.33","0.08","","0.60","0.14","","12.46","2.88","","433.29",""
"Cuba","","","","","","","","","","","","","","","","","","","","","","","","","","","","","","","","","","","","","","","","","","","","","","","","","","","","","","","","","","","","",""
"Curaçao","","","","","","","","","","","","","","","","","","","","","","","","","","","","","","","","","","","","","","","","","","","","","","","","","","","","","","","","","","","","",""
"Cyprus","2022","Calabrian pine","10.33","83.04","","1.88","15.11","","0.20","1.61","","","","","","","","","","","","","","","","","","","","","","","","","","12.41","99.76","","0.03","0.24","","","","","","","","","","","","","","","","","0.03","0.24","","12.44",""
"Czechia","2020","Norway spruce","477.60","49.50","Scots pine","126.06","13.06","European beach","88.62","9.18","Oaks","74.10","7.68","European larch","46.69","4.84","Alders","21.98","2.28","Maples","20.06","2.08","Birches","18.90","1.96","Fir","14.96","1.55","Ash","14.42","1.49","","53.67","5.56","","957.06","99.19","","","","","","","","","","","","","","","","","7.81","0.81","","7.81","0.81","","964.87",""
"Democratic People's Republic of Korea","","Oak","","","Pinus","","","Larch","","","Korean pine","","","White Birch","","","Acacia","","","","","","","","","","","","","","","","","","","","","","","","","","","","","","","","","","","","","","","","","","","",""
"Democratic Republic of the Congo","2021","Limbali","","","Acajou","","","Essoula","","","Muhimbi","","","Essia","","","Divida","","","Rikkio","","","Otunga","","","Ebom","","","","","","","","","","","","Teck","","","Acacia","","","Acacia","","","Eucalyptus","","","Kasia","","","","","","","","","","",""
"Denmark","2022","Beech","37.46","25.83","Pedunculate Oak","17.64","12.16","Sycamore maple","7.95","5.48","Birch sp.","7.35","5.07","Scots pine","5.87","4.05","Ash","3.28","2.26","","","","","","","","","","","","","","12.67","8.73","","92.22","63.58","Norway Spruce","21.72","14.97","Sitka spruce","9.68","6.67","Larch sp.","4.85","3.34","SIlver fir","3.59","2.48","Nordmann fir","2.45","1.69","","10.54","7.27","","52.83","36.42","","145.05",""
"Djibouti","","","","","","","","Jujubier","","","","","","Genévrier","","","Olivier sauvage","","","Palmier de Bankoualeh","","","","","","","","","","","","","","","","","","","","","","","","","","","","","","","","","","","","","","","","",""
"Dominica","","","","","","","","","","","","","","","","","","","","","","","","","","","","","","","","","","","","","","","","","","","","","","","","","","","","","","","","","","","","",""
"Dominican Republic","","","","","","","","","","","","","","","","","","","","","","","","","","","","","","","","","","","","","","","","","","","","","","","","","","","","","","","","","","","","",""
"Ecuador","","","","","","","","","","","","","","","","","","","","","","","","","","","","","","","","","","","","","","","","","","","","","","","","","","","","","","","","","","","","",""
"Egypt","2022","مانجروف","","","","","","","","","","","","","","","","","","","","","","","","","","","","","","","","","","","","","","","","","","","","","","","","","","","","","","","","","","",""
"El Salvador","","","","","","","","","","","","","","","","","","","","","","","","","","","","","","","","","","","","","","","","","","","","","","","","","","","","","","","","","","","","",""
"Equatorial Guinea","","Okoume","","","Padouk","","","Okan","","","Andoung","","","Rikio","","","Ovengkol","","","Tali","","","Azobe","","","Eyoum","","","Ilomba","","","","","","","","","","","","","","","","","","","","","","","","","","","","","","","",""
"Eritrea","1996","","","","","","","","","","","","","","","","","","","","","","","","","","","","","","","","","","","","","","","","","","","","","","","","","","","","","","","","","","","",""
"Estonia","2024","Scots pine","135.10","29.21","Silver birch, Downy birch","121.63","26.30","Norway spruce","100.92","21.82","European aspen","33.16","7.17","Grey alder","31.72","6.86","European alder","22.39","4.84","Willow species","4.15","0.90","European ash","3.07","0.66","Pedunculate oak","3.07","0.66","Bird cherry","0.99","0.21","","5.80","1.25","","462","99.89","Larch species","0.40","0.09","Poplar species (excl, aspen)","0.09","0.02","","","","","","","","","","","","","","0.49","0.11","","462.49",""
"Eswatini","2023","sicklebush","","","sweet acacia","","","marula","","","pink ivory","","","red bushwillow","","","paperbark acacia","","","umbrella thorn","","","waterberry","","","sycomore fig","","","natal mahogany","","","","","","","","","gum","","","pine","","","wattle","","","gum","","","pine","","","","","","","","","","",""
"Ethiopia","2016","","665.94","19.10","","421.88","12.10","","387.01","11.10","","237.09","6.80","","209.20","6.00","","188.28","5.40","","129.00","3.70","","111.57","3.20","","83.68","2.40","","80.19","2.30","","878.62","25.20","","3392.46","97.30","","59.27","1.70","","34.87","1.00","","","","","","","","","","","","","","94.14","2.70","","3486.6",""
"Falkland Islands (Malvinas)","","","","","","","","","","","","","","","","","","","","","","","","","","","","","","","","","","","","","","","","","","","","","","","","","","","","","","","","","","","","",""
"Faroe Islands","","","","","","","","","","","","","","","","","","","","","","","","","","","","","","","","","","","","","","","","","","","","","","","","","","","","","","","","","","","","",""
"Fiji","2006","Kauvula","1.54","0.80","Kaudamu","1.39","0.72","Dakua makadre","1.05","0.54","Damanu","0.99","0.51","Sa","0.94","0.49","Yasiyasi A","0.59","0.31","Sasawira","0.43","0.22","Koka","0.40","0.21","Bauvudi","0.34","0.18","Vesi","0.33","0.17","","185.24","95.86","","193.24","100.00","Pine","","","Mahogany","","","","","","","","","","","","","","","","","","","193.24",""
"Finland","2025","Scots pine","1273.70","50.10","Norway spruce","761.19","29.94","Downy birch","291.90","11.48","Silver birch","127.65","5.02","Aspen","44.30","1.74","Grey alder","16.23","0.64","Black alder","7.84","0.31","Goat willow","7.24","0.28","Rowan","6.89","0.27","European bird cherry","0.82","0.03","","1.10","0.04","","2538.86","99.87","Larch","2.36","0.09","Contorta pine","0.43","0.02","Swiss pine","0.10","0.00","Fir","0.09","0.00","Thuja","0.00","0.00","","0.33","0.01","","3.31","0.13","","2542.17",""
"France","2020","Chêne sessile","343.59","11.68","Chêne pédonculé","338.09","11.49","Hêtre","308.05","10.47","Sapin pectiné","229.15","7.79","Epicéa commun","196.23","6.67","Pin sylvestre","154.13","5.24","Pin maritime","154.10","5.24","Châtaigner","139.92","4.76","Charme","125.68","4.27","Chêne pubescent","119.13","4.05","","539.95","18.35","","2648.02","90.01","Douglas","143.89","4.89","Pin noir d'Autriche","44.26","1.50","Peuplier cultivé","34.63","1.18","Robinier faux-acacia","34.33","1.17","Epicéa de Sitka","8.71","0.30","","27.92","0.95","","293.74","9.99","","2941.76",""
"French Guiana","2017","Wapa","246.54","9.36","Gaulettes","186.09","7.07","Angélique","183.54","6.97","Maho noir","160.57","6.10","Maho rouge","137.35","5.21","Balatas","100.83","3.83","Moni","85.52","3.25","Niamboka","63.64","2.42","Sali","48.56","1.84","Goupi","44.14","1.68","","1377.00","52.28","","2633.78","100.00","","","","","","","","","","","","","","","","","","","","","","","2633.78",""
"French Polynesia","","","","","","","","","","","","","","","","","","","","","","","","","","","","","","","","","","","","","","","","","","","","","","","","","","","","","","","","","","","","",""
"Gabon","1995","Okoumé","130.00","34.95","Andoung (s)","50.00","13.44","Ozigo","40.00","10.75","Tali","40.00","10.75","Ilomba","25.00","6.72","Limba","30.00","8.06","Azobe","25.00","6.72","Padouk","15.00","4.03","Niové","10.00","2.69","Bahia","7.00","1.88","","","","","372","100.00","","","","","","","","","","","","","","","","","","","","","","","372",""
"Gambia","2010","jumbukungoj","","","sito","","","duto","","","jambakatango","","","wolo","","","jalo","","","keno","","","tengo","","","santango","","","jungo","","","","","","","","","","","","","","","","","","","","","","","","","","","","","","","",""
"Georgia","2022","Beech","170.60","32.30","Hornbeam","63.60","12.04","Spruce","59.50","11.26","Fir","51.60","9.77","Chestnut","28.90","5.47","Alder","26.40","5.00","Oak","25.30","4.79","Pine","22.80","4.32","Lime","14.30","2.71","Oriental Hornbeam","5.40","1.02","","59.80","11.32","","528.2","100.00","","0.00","0.00","","0.00","0.00","","0.00","0.00","","0.00","0.00","","0.00","0.00","","0.00","0.00","","0","0.00","","528.2",""
"Germany","2012","Norway spruce","1100.00","30.05","Scots pine","790.00","21.58","Beech","640.00","17.49","English oak","182.00","4.97","Sessile oak","178.00","4.86","Silver fir","98.00","2.68","European larch","75.00","2.05","Common ash","73.00","1.99","Silver birch","71.00","1.94","Black alder","70.00","1.91","","204.00","5.57","","3481","95.11","Douglas fir","85.00","2.32","Japanese larch","30.00","0.82","Northern red oak","15.00","0.41","Black locust","12.00","0.33","Sitka spruce","7.00","0.19","","30.00","0.82","","179","4.89","","3660",""
"Ghana","2023","ONYINA","35.93","10.51","WAWA","22.77","6.66","ESA","20.00","5.85","DAHOMA","9.10","2.66","KYENKYEN","7.53","","OTIE","5.84","1.71","ESAKOKO","5.79","1.69","KYEREYE","4.94","1.45","DENYAO","4.76","1.39","Ofram","4.26","1.25","","228.34","66.82","","341.73","100.00","Teak","","","Cedrela","","","Gmelina","","","Eucalyptus","","","","","","","","","","","","","341.73",""
"Gibraltar","","","","","","","","","","","","","","","","","","","","","","","","","","","","","","","","","","","","","","","","","","","","","","","","","","","","","","","","","","","","",""
"Greece","","","","","","","","","","","","","","","","","","","","","","","","","","","","","","","","","","","","","","","","","","","","","","","","","","","","","","","","","","","","",""
"Greenland","","","","","","","","","","","","","","","","","","","","","","","","","","","","","","","","","","","","","","","","","","","","","","","","","","","","","","","","","","","","",""
"Grenada","","","","","","","","","","","","","","","","","","","","","","","","","","","","","","","","","","","","","","","","","","","","","","","","","","","","","","","","","","","","",""
"Guadeloupe","2023","Bois rouge","4.00","15.60","Gommier blanc","3.95","15.41","Côtelette noire","2.65","10.34","Châtaignier boucan","1.25","4.88","Marbri","1.15","4.49","Corossol montagne","0.65","2.54","Cassant","0.60","2.34","Mapou-baril","0.60","2.34","Goyavier montagne","0.60","2.34","Mangle médaille","0.55","2.15","","8.82","34.40","","24.82","96.80","Mahogany","0.80","3.12","Pin caraïbe","0.02","0.08","","","","","","","","","","","","","","0.82","3.20","","25.64",""
"Guam","","","","","","","","","","","","","","","","","","","","","","","","","","","","","","","","","","","","","","","","","","","","","","","","","","","","","","","","","","","","",""
"Guatemala","","","","","","","","","","","","","","","","","","","","","","","","","","","","","","","","","","","","","","","","","","","","","","","","","","","","","","","","","","","","",""
"Guernsey","","","","","","","","","","","","","","","","","","","","","","","","","","","","","","","","","","","","","","","","","","","","","","","","","","","","","","","","","","","","",""
"Guinea","","","","","","","","","","","","","","","","","","","","","","","","","","","","","","","","","","","","","","","","","","","","","","","","","","","","","","","","","","","","",""
"Guinea-Bissau","1982","Pau veludo","5.80","12.18","Encens, Santan ou Faro","3.30","6.93","Vène, Palissandre Sénégal","3.07","6.45","Mandiple","2.13","4.47","Faroba","1.91","4.01","Mampataz","1.63","3.42","Ir, pau carvao","1.29","2.71","Pau- bicho-preto","1.17","2.46","La Lodje","1.05","2.21","Tulipier du Gabon","1.03","2.16","","25.22","52.98","","47.6","100.00","","","","","","","","","","","","","","","","","0.00","0.00","","0","0.00","","47.6",""
"Guyana","","Greenheart","","","Wamara","","","Kabukalli","","","Wallaba","","","Baromalli","","","Tauroniro","","","Mora","","","Shabadan","","","Purpleheart","","","Keriti","","","","","","","","","","","","","","","","","","","","","","","","","","","","","","","",""
"Haiti","2013","","","","","","","","","","","","","","","","","","","","","","","","","","","","","","","","","","","","","","","","","","","","","","","","","","","","","","","","","","","",""
"Holy See","","","","","","","","","","","","","","","","","","","","","","","","","","","","","","","","","","","","","","","","","","","","","","","","","","","","","","","","","","","","",""
"Honduras","2023","Barba de Jole","44.69","6.53","Pino","32.94","4.81","","30.55","4.46","Roble","24.57","3.59","Uva de playa","19.88","2.90","Pino","19.74","2.88","San juan areno","17.74","2.59","Macuelizo","17.59","2.57","Liquidambar","17.22","2.52","Zapote","15.31","2.24","","371.90","54.33","","612.13","89.43","Ficus","20.69","3.02","Ciruela japonesa","15.58","2.28","","","","","","","","","","","36.11","5.28","","72.38","10.57","","684.51",""
"Hungary","2022","Turkey oak","51.29","12.57","Sessile oak","48.03","11.77","Beech","41.87","10.26","Pedunculate oak","38.67","9.48","Scots pine","35.65","8.74","Hornbeam","18.49","4.53","Grey poplar","14.99","3.67","Common alder","11.24","2.75","Common ash","6.95","1.70","Silver lime","4.63","1.13","","33.11","8.11","","304.92","74.72","Black locust","56.76","13.91","Hybrid poplar","17.40","4.26","Black pine","12.31","3.02","Red oak","6.09","1.49","Black walnut","1.89","0.46","","8.70","2.13","","103.15","25.28","","408.07",""
"Chad","1988","bbita","12.00","31.88","roi","8.46","22.48","ro mann","4.80","12.75","ro","4.25","11.29","ro ndah","3.00","7.97","Ndang-keur","1.60","4.25","ddira","1.60","4.25","ddro","0.80","2.13","koudou","0.73","1.94","mong","0.40","1.06","","","","","37.64","100.00","","","","","","","","","","","","","","","","","","","","","","","37.64",""
"Chile","2020","Coihue","1301.48","28.96","Ulmo","372.83","8.30","Tepa","345.55","7.69","Roble","297.40","6.62","Mañío hembra","280.54","6.24","Tineo","189.05","4.21","Olivillo","165.55","3.68","Trevo","140.67","3.13","Lenga","123.36","2.74","Araucaria","121.64","2.71","","676.55","15.05","","4014.62","89.33","Pino insigne","315.75","7.03","Eucalipto","125.37","2.79","","","","","","","","","","","38.35","0.85","","479.47","10.67","","4494.09",""
"China","2021","Oak","1488.51","7.60","Fir","1279.21","6.54","Larch","1159.73","5.92","China fir","1136.68","5.81","Birch","924.97","4.73","Spruce","913.97","4.67","Manson pine","646.64","3.30","Popular","572.04","2.92","Yunan pine","523.80","2.68","Alpine pine","325.59","1.66","","9526.74","48.67","","18497.88","94.50","Eucalypt","264.86","1.35","Foreign pine","76.99","0.39","Locust","60.01","0.31","Acacia","16.01","0.08","Coast oak","1.91","0.01","","656.82","3.36","","1076.6","5.50","","19574.48",""
"Iceland","2020","Downy birch","0.10","10.00","","","","","","","","","","","","","","","","","","","","","","","","","","","","","0.00","0.00","","0.1","10.00","Siberian larch","0.32","32.00","Lodgepole pine","0.18","18.00","Sitka spruce","0.16","16.00","Black cottonwood","0.13","13.00","Norway spruce","0.06","6.00","","0.05","5.00","","0.9","90.00","","1",""
"India","2019","Sal","536.92","9.91","Teak","223.22","4.12","Chir pine","214.01","3.95","Saja","187.46","3.46","Kail","186.38","3.44","Dhauda","140.33","2.59","Deodar","138.16","2.55","Amb","134.37","2.48","Silver Fir","126.78","2.34","Mode","121.90","2.25","","3299.66","60.90","","5309.19","97.99","Rubber Tree","35.37","0.65","Safeda Neelgiri","26.06","0.48","Palm oil","21.15","0.39","Vilayati babool","11.55","0.21","Keekar","1.14","0.02","","13.51","0.25","","108.78","2.01","","5417.97",""
"Indonesia","2020","Meranti","1282.00","100.00","Resak","757.00","100.00","Nyatoh","553.00","100.00","Keruing","543.00","100.00","Jambu-jambu","473.00","100.00","Medang","433.00","100.00","Bintangur","377.00","100.00","Ubah","352.00","100.00","Kelat","336.00","100.00","Balam","267.00","100.00","","7754.51","100.00","","13127.51","100.00","","","","","","","","","","","","","","","","","","","","","","","13127.51",""
"Iran (Islamic Republic of)","2020","","154.40","32.90","","150.00","31.96","","36.70","7.82","","31.50","6.71","","30.20","6.44","","23.00","4.90","","13.80","2.94","","9.20","1.96","","1.50","0.32","","","","","19.00","4.05","","469.3","100.00","","","","","","","","","","","","","","","","","","","","","","","469.3",""
"Iraq","","دمس و غلب","","","سمر بلدي","","","سمر عربي","","","اثل","","","ضبيان","","","قرض","","","سقم","","","اثب","","","الصمغ العربي","","","عضب","","","","","","","","","","","","","","","","","","","","","","","","","","","","","","","",""
"Ireland","2022","ash","4.55","3.10","downy birch","3.44","2.34","goat willow","2.75","1.87","pedunculate oak","2.67","1.82","alder","2.20","1.50","sessile oak","2.05","1.40","Scots pine","1.49","1.02","silver birch","1.44","0.98","holly","0.52","0.35","hazel","0.49","0.33","","0.51","0.35","","22.11","15.07","sitka spruce","88.31","60.19","lodgepole pine","11.60","7.91","Norway spruce","6.19","4.22","Japanese larch","5.38","3.67","beech","3.63","2.47","","9.50","6.47","","124.61","84.93","","146.72",""
"Isle of Man","","","","","","","","","","","","","","","","","","","","","","","","","","","","","","","","","","","","","","","","","","","","","","","","","","","","","","","","","","","","",""
"Israel","2010","Aleppo pine","1.30","22.41","Palestine oak, Kermes oak","1.30","22.41","Mediterranean cypress","0.30","5.17","Carob tree","0.10","1.72","Olive tree","0.10","1.72","","","","","","","","","","","","","","","","","1.00","17.24","","4.1","70.69","Turkish pine","1.20","20.69","Stone pine","0.20","3.45","Tuart tree","0.10","1.72","River red gam","0.10","1.72","Blue-leafed (golden) wattle","0.10","1.72","","","","","1.7","29.31","","5.8",""
"Italy","2015","Beech","272.05","17.99","Spruce","229.99","15.21","Chestnut","136.01","8.99","Turkey oak","121.58","8.04","Larch","90.32","5.97","Downy oak","86.96","5.75","Black hornbeam","54.80","3.62","Holm oak","48.95","3.24","Silver fir","40.40","2.67","Black pine","38.33","2.53","","347.14","22.96","","1466.53","96.98","Black locust","24.85","1.64","Douglas fir","9.20","0.61","Poplar","6.27","0.41","Eucalyptus","5.29","0.35","","","","","","","","45.61","3.02","","1512.14",""
"Jamaica","2003","Rose Apple","2.40","4.79","Mango","2.20","4.39","Trumpet Tree","2.10","4.19","Sweetwood","1.55","3.10","Breadnut","1.40","2.80","Santa Maria","1.15","2.30","Blue Mahoe","1.15","2.30","Sweetwoods","1.10","2.20","Bullets","1.10","2.20","Cedar","1.05","2.10","","33.38","66.65","","48.58","97.00","","","","","","","","","","","","","","","","","1.50","3.00","","1.5","3.00","","50.08",""
"Japan","2022","Japanese Cedar","2046.00","36.86","Hinoki Cypress","819.00","14.75","Pine (Japanese Red Pine,Japanese Black Pine, etc)","402.00","7.24","Sakhalin Fir","246.00","4.43","Japanese Larch","230.00","4.14","Konara Oak, Mongolian Oak, Daimyo Oak, etc","82.00","1.48","Hondo Spruce, Yezo Spruce","52.00","0.94","Japanese Chestnut Oak","21.00","0.38","","","","","","","","1653.00","29.78","","5551","100.00","","","","","","","","","","","","","","","","","","","","","","","5551",""
"Jersey","","","","","","","","","","","","","","","","","","","","","","","","","","","","","","","","","","","","","","","","","","","","","","","","","","","","","","","","","","","","",""
"Jordan","","لزاب","","","صنوبربروتي","","","زعرور","","","الخروب","","","الباطم لفلسيني","","","","","","","","","","","","","","","","","","","","","","","","","","","","","","","","","","","","","","","","","","","","","","",""
"Kazakhstan","","","","","","","","","","","","","","","","","","","","","","","","","","","","","","","","","","","","","","","","","","","","","","","","","","","","","","","","","","","","",""
"Kenya","2022","African pencil cedar","","","Red stinkwood","","","Elgon teak","","","Meru Oak","","","Mbambakofi","","","Bushwillow","","","Mikoko","3.30","14.84","Baobab","","","Euphorbia","","","Acacia","","","","","","","3.3","14.84","Cypress","11.40","51.28","Pinus","4.43","19.93","Eucalypts","3.10","13.95","Grevillia","","","Casuarina","","","","","","","18.93","85.16","","22.23",""
"Kiribati","","","","","","","","","","","","","","","","","","","","","","","","","","","","","","","","","","","","","","","","","","","","","","","","","","","","","","","","","","","","",""
"Kuwait","2023","السمر","","","السلم","","","السدر","","","الغاف","","","لعلعلان","","","الصمغ العربي","","","السرح","","","اثب","","","عضب","","","ضبيان","","","","","","","","","","","","","","","","","","","","","","","","","","","","","","","",""
"Kyrgyzstan","2015","пихта семенова","0.59","1.13","ель тяньшанская","15.30","29.27","можжевельник","6.87","13.14","орех грецкий","3.90","7.46","фисташка","0.64","1.22","клен туркестанский","1.98","3.79","тополь","0.85","1.63","яблоня","0.47","0.90","","","","","","","","21.68","41.47","","52.28","100.00","","","","","","","","","","","","","","","","","","","","","","","52.28",""
"Lao People's Democratic Republic","1990","","121.71","15.91","","104.41","13.65","","95.70","12.51","","35.92","4.70","","23.20","3.03","","22.70","2.97","","8.98","1.17","","1.95","0.25","","1.52","0.20","","0.03","0.00","","87.19","11.40","","503.31","65.80","","","","","","","","","","","","","","","","","261.58","34.20","","261.58","34.20","","764.89",""
"Latvia","2022","Scots pine","220.47","33.67","Silver birch ad Downy birch","151.91","23.20","Norway spruce","135.53","20.70","Aspen","58.37","8.92","Common alder","40.45","6.18","Grey alder","33.15","5.06","Common oak","5.01","0.77","European ash","0.88","0.13","","","","","","","","8.93","1.36","","654.7","100.00","","","","","","","","","","","","","","","","","","","","","","","654.7",""
"Lebanon","2020","Pine stone","","","Cedar","","","Juniper","","","Brutia pine","","","Turkey Oak","","","Oak","","","Oak","","","Aleppo pine","","","Oak","","","Cypress","","","","","","","","","","","","","","","","","","","","","","","","","","","","","","","",""
"Lesotho","","","","","","","","","","","","","","","","","","","","","","","","","","","","","","","","","","","","","","","","","","","","","","","","","","","","","","","","","","","","",""
"Liberia","2019","","127.33","27.61","","94.74","20.55","","88.17","19.12","","78.58","17.04","","72.27","15.67","","","","","","","","","","","","","","","","","","","","461.09","100.00","","","","","","","","","","","","","","","","","","","","","","","461.09",""
"Libya","2020","Pin d'Alep","","","Chêne liège","","","Chêne zeen","","","Thuya","","","Pin maritime","","","Genévrier rouge","","","Acacia tortilis","","","Cyprés","","","Chêne vert","","","","","","","","","","","","","","","","","","","","","","","","","","","","","","","","","","",""
"Liechtenstein","2022","Fichte","1.04","54.74","Buche","0.23","12.11","Weisstanne","0.17","8.95","Lärche","0.15","7.89","Waldföhre","0.07","3.68","Esche","0.06","3.16","Bergahorn","0.05","2.63","Bergföhre","0.04","2.11","Hängebirke","0.03","1.58","Stieleiche","0.01","0.53","","0.05","2.63","","1.9","100.00","","0.00","0.00","","0.00","0.00","","0.00","0.00","","0.00","0.00","","0.00","0.00","","0.00","0.00","","0","0.00","","1.9",""
"Lithuania","2020","Scots pine","203.03","35.83","Norway spruce","126.49","22.32","Silver birch, downy birch","88.53","15.62","Black alder","51.28","9.05","Aspen","35.39","6.25","Grey alder","23.23","4.10","English oak","17.04","3.01","Small-leaved lime","5.66","1.00","Norway maple","4.96","0.88","European ash","3.72","0.66","","7.04","1.24","","566.37","99.95","Poplar","0.15","0.03","Dwarf mountain (creeping) pine","0.04","0.01","Manitoba maple","0.04","0.01","Northern red oak","0.04","0.01","Jack pine","0.03","0.01","","0.00","0.00","","0.3","0.05","","566.67",""
"Luxembourg","2011","Beech","9.38","30.01","Oak","8.17","26.14","Spruce","6.63","21.21","Birch","0.78","2.50","Pine","0.72","2.30","Ash","0.53","1.70","Maple","0.40","1.28","","","","","","","","","","","4.65","14.88","","31.26","100.00","","","","","","","","","","","","","","","","","","","","","","","31.26",""
"Madagascar","1994","Nato","128.99","5.68","Voapaka","68.98","3.04","Tavolo","64.52","2.84","Vintanina","54.32","2.39","Kijy","49.87","2.19","Lalona","48.36","2.13","Varongy","40.71","1.79","Vongo","27.83","1.22","Hazomainty","22.21","0.98","Famelona","18.78","0.83","","1747.76","76.91","","2272.33","100.00","","","","","","","","","","","","","","","","","","","","","","","2272.33",""
"Malawi","","Sugar plum","","","zebrawood","","","","","","Zebrawood","","","Mopane","","","","","","","","","","","","","","","","","","","","","","","","","","","","","","","","","","","","","","","","","","","","","","",""
"Malaysia","2020","Kelat","473.90","12.41","Medang","438.01","11.47","Kedondong","232.94","6.10","Meranti seraya","148.55","3.89","Meranti tembaga","100.43","2.63","Meranti bukit","83.63","2.19","Kempas, Tualang","72.94","1.91","Nyatoh","69.12","1.81","Meranti kepong","67.59","1.77","Meranti nemesu","63.77","1.67","","2067.83","54.15","","3818.71","100.00","","","","","","","","","","","","","","","","","","","","","","","3818.71",""
"Maldives","2016","coconut palm","0.09","27.27","Araucaria","0.01","3.03","breadfruit","0.01","3.03","Kimbi","0.01","3.03","Bondavaki","0.01","3.03","Bodu kandoo","0.01","3.03","Funa","0.01","3.03","Ruvaa","0.01","3.03","Boadhumburi","0.01","3.03","Dhungethi","0.01","3.03","","0.15","45.45","","0.33","100.00","","","","","","","","","","","","","","","","","","","","","","","0.33",""
"Mali","","","","","","","","","","","","","","","","","","","","","","","","","","","","","","","","","","","","","","","","","","","","","","","","","","","","","","","","","","","","",""
"Malta","","","","","","","","","","","","","","","","","","","","","","","","","","","","","","","","","","","","","","","","","","","","","","","","","","","","","","","","","","","","",""
"Marshall Islands","2008","","1.04","67.10","","0.09","5.81","","0.09","5.81","","0.08","5.16","","0.07","4.52","","0.04","2.58","","0.04","2.58","","0.03","1.94","","0.02","1.29","","0.02","1.29","","0.03","1.94","","1.55","100.00","","","","","","","","","","","","","","","","","","","","","","","1.55",""
"Martinique","","","","","","","","","","","","","","","","","","","","","","","","","","","","","","","","","","","","","","","","","","","","","","","","","","","","","","","","","","","","",""
"Mauritania","2023","Amour/Gawdi/Djébé/Nebneb","","","Talh/Tchiluki/Bague/Seing","","","Teichett/Murtoki/Sékhené/Sump","","","Sder/Djabi/Fa/Sidem","","","Tikifit/Dôki/Tefé/Ratt","","","Sedra Lbeyda/Bulbi/Guécé/Surur","","","Avrar/Tchaski/Kume/Kad","","","Tezzekre/Barkewi/Yafe/Nguiguis","","","Erwar/Pattuki/Dibé/Verek","","","Llyne/Guéloki/Khamé/Ngér","","","","","","","","","","","","","","","","","","","","","","","","","","","","","","","",""
"Mauritius","2016","","","","","","","","","","","","","","","","","","","","","","","","","","","","","","","","1.14","35.19","","1.14","35.19","Slash Pine","1.04","32.10","Eucalyptus","0.64","19.75","Japanese Cedar","0.08","2.47","Tecoma","0.13","4.01","Araucaria","0.21","6.48","","","","","2.1","64.81","","3.24",""
"Mayotte","","","","","","","","","","","","","","","","","","","","","","","","","","","","","","","","","","","","","","","","","","","","","","","","","","","","","","","","","","","","",""
"Mexico","2018","Palo mulato, copalillo, cohuite","161.23","4.25","Tzalam","138.03","3.64","Pino prieto, pino resinoso, pino amarillo","120.83","3.18","Pino blanco, pino real","118.94","3.13","Pino blanco, pino real","79.11","2.08","Pino blanco, pino real","76.10","2.00","Encino blanco","72.51","1.91","Ocote chino","67.87","1.79","Chicozapote","64.57","1.70","Encino chaparro","63.74","1.68","","2824.14","74.40","","3787.07","99.77","Mango","1.65","0.04","Árbol del hule, caucho","1.61","0.04","Fresno, cedro rosado","1.30","0.03","Melina","0.53","0.01","Framboyán, tabachín","0.49","0.01","","3.24","0.09","","8.82","0.23","","3795.89",""
"Micronesia (Federated States of)","2006","kwat, kotoh, folofol, abruk, sales","2.31","13.26","kotop","2.06","11.83","thong, elak, ka, ramluw","1.39","7.98","aoa, konya, giliau, aow, au","1.27","7.29","brok, pwulok, ploek brok, tui, yamgur, punopun","1.05","6.03","","0.85","4.88","metkam, kulalis","0.79","4.54","aak, akapa, sakasrik","0.69","3.96","mai, kuru, mos, sou, maouli, mai, breadfruit","0.61","3.50","karara","0.59","3.39","","5.81","33.35","","17.42","100.00","","","","","","","","","","","","","","","","","","","","","","","17.42",""
"Monaco","","","","","","","","","","","","","","","","","","","","","","","","","","","","","","","","","","","","","","","","","","","","","","","","","","","","","","","","","","","","",""
"Mongolia","2014","Siberian larch","1101.17","80.65","Siberian pine","91.18","6.68","Birch","87.23","6.39","Scotch pine","66.81","4.89","Siberian spruce","11.07","0.81","Aspen","4.61","0.34","Siberian fir","2.77","0.20","Poplar","0.26","0.02","Laurel poplar","0.13","0.01","Elm","0.13","0.01","","","","","1365.36","100.00","","","","","","","","","","","","","","","","","","","","","","","1365.36",""
"Montenegro","2013","Bukva","49.70","40.94","Smrča","23.20","19.11","Jela","14.50","11.94","Cer","4.50","3.71","Crni jasen","1.80","1.48","Crni grab","1.00","0.82","Medunac","1.10","0.91","Bijeli grab","0.48","0.40","Crni bor","3.20","2.64","Kitnjak","2.30","1.89","","19.62","16.16","","121.4","100.00","","","","","","","","","","","","","","","","","","","","","","","121.4",""
"Montserrat","","","","","","","","","","","","","","","","","","","","","","","","","","","","","","","","","","","","","","","","","","","","","","","","","","","","","","","","","","","","",""
"Morocco","2020","Chêne vert","73.15","38.35","Cèdre de l'atlas","26.83","14.07","Arganier","25.03","13.12","Génévriers","10.77","5.65","Thuya de Berbérie","10.06","5.27","Chêne liège","8.69","4.56","Pin d'Alep","5.02","2.63","Chêne zeen","3.28","1.72","Sapin du Maroc","1.15","0.60","","","","","20.84","10.93","","184.82","96.89","Eucalyptus","5.93","3.11","","","","","","","","","","","","","","","","","5.93","3.11","","190.75",""
"Mozambique","2018","Messassa","208.00","18.71","Mafuti","177.00","15.92","Messassa encarnada","140.00","12.59","Mopane","69.00","6.21","Umbila","63.00","5.67","Jambirre","53.00","4.77","Canho","50.00","4.50","Messolo","39.00","3.51","Metongoro","36.00","3.24","Mucarala","34.00","3.06","","242.93","21.85","","1111.93","100.00","","","","","","","","","","","","","","","","","","","","","","","1111.93",""
"Myanmar","","In","","","Kanyin","","","Kyun","","","Pyinkado","","","Ingyin","","","Taukkyan","","","Thitya","","","Thabye","","","Sagat","","","Thadi","","","","","","","","","","","","","","","","","","","","","","","","","","","","","","","",""
"Namibia","","","","","","","","","","","","","","","","","","","","","","","","","","","","","","","","","","","","","","","","","","","","","","","","","","","","","","","","","","","","",""
"Nauru","","","","","","","","","","","","","","","","","","","","","","","","","","","","","","","","","","","","","","","","","","","","","","","","","","","","","","","","","","","","",""
"Nepal","1999","Sal, Sakhuwa","296.09","28.20","Khasru","97.65","9.30","Khote salla","79.79","7.60","Lali gurans","66.14","6.30","Asna, Saj","46.19","4.40","Talis patra","44.09","4.20","Gobre salla","30.44","2.90","Uttis","20.99","2.00","Thingure sall","19.95","1.90","Chilaune","18.89","1.80","","329.76","31.41","","1049.98","100.00","","","","","","","","","","","","","","","","","","","","","","","1049.98",""
"Netherlands (Kingdom of the)","2019","Scots Pine","19.63","24.01","European Oak","17.64","21.58","Beech","5.10","6.24","Birch","4.69","5.74","Poplar","2.30","2.81","Common alder","2.09","2.56","Ash","1.89","2.31","Willow","1.51","1.85","Maple spp","0.99","1.21","Chestnut","0.48","0.59","","3.19","3.90","","59.51","72.79","Douglas fir","6.03","7.38","Japanese larch","3.73","4.56","Red Oak","3.53","4.32","Norway Spruce","3.02","3.69","Corsica pine","2.88","3.52","","3.06","3.74","","22.25","27.21","","81.76",""
"New Caledonia","1980","Gya","4.11","6.31","Tamanou de montagne","2.99","4.59","","2.08","3.19","Houp","1.94","2.98","","1.68","2.58","Ralia","1.63","2.50","Paletuvier de montagne","1.61","2.47","Citronelle","1.31","2.01","Acacia","1.04","1.60","Hêtre","1.03","1.58","","44.21","67.85","","63.63","97.65","","","","","","","","","","","","","","","","","1.53","2.35","","1.53","2.35","","65.16",""
"New Zealand","2016","silver beech","563.26","13.68","red beech","456.00","11.07","kamahi","324.33","7.88","mountain beech","221.66","5.38","rimu","155.09","3.77","tawa","138.60","3.37","southern rata","95.35","2.32","hard beech","92.40","2.24","black beech","67.67","1.64","miro","49.78","1.21","","1202.20","29.20","","3366.34","81.75","radiata pine","707.85","17.19","Douglas fir","22.53","0.55","other exotic softwoods","10.63","0.26","exotic hardwoods","10.35","0.25","","0.00","0.00","","0.00","0.00","","751.36","18.25","","4117.7",""
"Nicaragua","2008","Ceiba","11.51","2.39","Leche María","6.16","1.28","María, Santa María","5.98","1.24","Pino Caribe","5.48","1.14","Cedro Macho","4.28","0.89","Nancitón","3.37","0.70","Guanacaste Negro","3.25","0.67","Almendro","2.16","0.45","Caoba del Atlán!co","1.04","0.22","Coyote","1.02","0.21","","437.49","90.81","","481.74","100.00","","","","","","","","","","","","","","","","","","","","","","","481.74",""
"Niger","","Sabara/ Sabra","","","Guieza/Goubou","","","Adoua/Garbey","","","Kalgo/Kossay","","","Tchiriri/Deligna","","","Baggaroua/Banigna","","","Gao /Gao","","","Maggaria/Darey","","","Goriba/ Kangaou","","","Kandili","","","","","","","","","Dogan yaro","","","Baniroua inbaka ounwa","","","Terminalia","","","","","","","","","","","","","","","","",""
"Nigeria","2016","African teak/Iroko","","","African mahogany","","","Sapele","","","Obeche/African Whitewood","","","Mitragyna africana","","","Apa","","","African balsam tree","","","Koso","","","Ayin-weere","","","African locust bean","","","","","","","","","Gmelina","","","teak","","","Eucalytus","","","pine","","","Neem","","","","","","","","","","",""
"Niue","2022","Moota","","","kafika","","","Toi","","","","","","","","","","","","","","","","","","","","","","","","","","","","","","","","","","","","","","","","","","","","","","","","","","","","",""
"Norfolk Island","","","","","","","","","","","","","","","","","","","","","","","","","","","","","","","","","","","","","","","","","","","","","","","","","","","","","","","","","","","","",""
"North Macedonia","","","","","","","","","","","","","","","","","","","","","","","","","","","","","","","","","","","","","","","","","","","","","","","","","","","","","","","","","","","","",""
"Northern Mariana Islands","2004","","0.15","15.31","ahgao","0.09","9.18","kafu","0.09","9.18","","0.08","8.16","nonak","0.06","6.12","niyok","0.06","6.12","tangantangan","0.05","5.10","pahong","0.04","4.08","namis","0.04","4.08","Lemai","0.03","3.06","","0.29","29.59","","0.98","100.00","","","","","","","","","","","","","","","","","","","","","","","0.98",""
"Norway","2020","Norway spruce","490.59","41.43","Scots pine","350.00","29.56","Downy birch","192.55","16.26","Grey alder","21.16","1.79","European aspen","20.99","1.77","Silver birch","13.72","1.16","Goat willow","11.93","1.01","European mountain ash","11.78","0.99","English oak","10.64","0.90","Common alder","2.78","0.23","","42.04","3.55","","1168.18","98.65","Sitka spruce","10.93","0.92","Contorta pine","1.49","0.13","European silver fir (etc.)","1.46","0.12","Larch","1.05","0.09","Sycamore","0.72","0.06","","0.29","0.02","","15.94","1.35","","1184.12",""
"Oman","","السمر","","","السلم","","","لسدر","","","الغاف","","","لعلعلان","","","الصمغ العربي","","","السرح","","","اثب","","","عضب","","","ضبيان","","","","","","","","","","","","","","","","","","","","","","","","","","","","","","","",""
"Pakistan","2020","whit oak / Barungi","103.60","26.16","Chir Pine","63.72","16.09","Fir","49.80","12.58","Kail","45.02","11.37","Deodar","38.10","9.62","Oak","31.60","7.98","Spruce","29.30","7.40","Hors Chestnut","19.00","4.80","Phulahi","4.00","1.01","kikar","3.86","0.97","","8.00","2.02","","396","100.00","","","","","","","","","","","","","","","","","","","","","","","396",""
"Palau","","chebouch","","","chersachel","","","uduid","","","koranges","","","mesekui","","","tilol","","","cheritem","","","keam","","","keleacharm","","","ngmui","","","","","","","","","mahogany","","","acasia","","","albizia","","","chedebsungel ra ngebard","","","african tulip","","","","","","","","","","",""
"Palestine","","","","","","","","","","","","","","","","","","","","","","","","","","","","","","","","","","","","","","","","","","","","","","","","","","","","","","","","","","","","",""
"Panama","2015","Cuipo","169.49","15.74","Mangle negro","53.30","4.95","Espavé","29.96","2.78","Bongo","24.67","2.29","Sangre","24.41","2.27","Caucho","16.45","1.53","Gavilán","13.35","1.24","Zapatero","11.24","1.04","Cortezo","10.42","0.97","Cativo","10.42","0.97","","674.27","62.62","","1037.98","96.40","Pino","38.75","3.60","","","","","","","","","","","","","","","","","38.75","3.60","","1076.73",""
"Papua New Guinea","","","","","","","","","","","","","","","","","","","","","","","","","","","","","","","","","","","","","","","","","","","","","","","","","","","","","","","","","","","","",""
"Paraguay","2022","Karanda'y","106.88","9.54","Guiaigui piré","61.07","5.45","Labón","59.09","5.27","Quebracho blanco","54.27","4.84","Palo lanza","46.89","4.19","Samu'u","44.52","3.97","Mistol","41.71","3.72","Coronillo","35.10","3.13","Kurupa'y ra","30.53","2.73","Guajaibi raí","30.20","2.70","","609.95","54.45","","1120.21","100.00","","","","","","","","","","","","","","","","","","","","","","","1120.21",""
"Peru","","","","","","","","","","","","","","","","","","","","","","","","","","","","","","","","","","","","","","","","","","","","","","","","","","","","","","","","","","","","",""
"Philippines","2015","Red lauan","185.03","100.00","White lauan","97.54","100.00","Taguile","97.34","100.00","Apitong","38.36","100.00","Ulayan","37.96","100.00","Mayapis","36.30","100.00","Saguimsim","23.34","100.00","Malaruhat","16.89","100.00","Yakal","14.43","100.00","Duguan","12.77","100.00","","723.61","100.00","","1283.57","100.00","Mangium","50.78","100.00","Mahogany","2.75","100.00","Yemane","1.47","100.00","Bagras","0.27","100.00","Rain tree","0.04","100.00","","0.00","","","55.31","100.00","","1338.88",""
"Pitcairn","","","","","","","","","","","","","","","","","","","","","","","","","","","","","","","","","","","","","","","","","","","","","","","","","","","","","","","","","","","","",""
"Poland","2021","Scots Pine","1493.60","55.77","Pedunculate Oak, Sessile Oak","216.21","8.07","European Beech","193.44","7.22","Norway Spruce","155.11","5.79","Silver Birch","145.29","5.42","Black Alder","134.01","5.00","European Silver Fir","123.40","4.61","European Larch","45.78","1.71","Hornbeam","37.37","1.40","European Aspen","26.08","0.97","","85.32","3.19","","2655.61","99.15","Red Oak","9.37","0.35","Black Locust","7.14","0.27","Black Cherry","2.20","0.08","Douglas Fir","1.96","0.07","Austrian Pine","0.72","0.03","","1.37","0.05","","22.76","0.85","","2678.37",""
"Portugal","2020","Maritime pine","49.73","32.25","Cork oak","25.33","16.43","Holm oak","6.71","4.35","Stone pine","5.42","3.52","Chestnut","3.24","2.10","","2.69","1.74","","2.12","1.38","","0.63","0.41","","0.59","0.38","Carob tree","0.25","0.16","","10.51","6.82","","107.22","69.54","Eucalyptus","32.28","20.94","Cryptomeria","6.47","4.20","Pittosporum","1.40","0.91","","","","","","","","6.81","4.42","","46.96","30.46","","154.18",""
"Puerto Rico","2024","guaraguao","4.24","12.56","yagrumo hembra","1.32","3.91","roble blanco","1.02","3.02","moca","0.96","2.84","almácigo","0.87","2.58","espino rubial","0.76","2.25","palma real","0.75","2.22","guaba","0.68","2.01","laurel avispillo","0.62","1.84","yagrumo macho","0.62","1.84","","10.16","30.09","","22","65.15","tulipán africano","5.01","14.84","mangó","2.10","6.22","eucalipto","0.94","2.78","guamá americano","0.53","1.57","almendra","0.40","1.18","","2.79","8.26","","11.77","34.85","","33.77",""
"Qatar","","السمر","","","السلم","","","لسدر","","","الغاف","","","لعلعلان","","","الصمغ العربي","","","السرح","","","اثب","","","عضب","","","ضبيان","","","","","","","","","","","","","","","","","","","","","","","","","","","","","","","",""
"Republic of Korea","2020","Red pine","284.27","27.32","Oak","159.26","15.31","Black pine","44.69","4.30","Korean pine","26.91","2.59","","","","","","","","","","","","","","","","","","","","381.20","36.64","","896.33","86.15","Japanese larch","56.56","5.44","Pitch pine","47.21","4.54","Japanese cypress","5.90","0.57","","","","","","","","34.45","3.31","","144.12","13.85","","1040.45",""
"Republic of Moldova","2015","Дуб скальный","10.84","23.88","Дуб черешчатый","10.54","23.22","Ясень","5.91","13.02","Липа","3.26","7.18","Граб","3.13","6.89","Тополь белый","0.88","1.94","Дуб пушистый","0.86","1.89","Клен","0.62","1.37","Ива белая","0.50","1.10","Вяз","0.39","0.86","","3.22","7.09","","40.15","88.44","Акация белая","3.84","8.46","Сосна","0.53","1.17","Береза","0.45","0.99","Орех грецкий","0.40","0.88","Другие интродуценты","0.03","0.07","","","","","5.25","11.56","","45.4",""
"Réunion","","","","","","","","","","","","","","","","","","","","","","","","","","","","","","","","","","","","","","","","","","","","","","","","","","","","","","","","","","","","",""
"Romania","2018","Beech","881.51","37.43","Norway spruce","560.16","23.79","Sessile oak","176.31","7.49","Silver fir","160.07","6.80","European hornbeam","113.57","4.82","Turkey oak","68.10","2.89","Pedunculate oak","42.55","1.81","Black locust","29.01","1.23","Hungarian oak","23.66","1.00","European aspen","22.91","0.97","","263.31","11.18","","2341.16","99.42","","","","","","","","","","","","","","","","","13.63","0.58","","13.63","0.58","","2354.79",""
"Russian Federation","2023","Лиственница - 8 пород","24284.05","21.18","Береза -11 пород","22925.84","20.00","Сосна– 9 пород","22230.67","19.39","Ель – 8 пород","15259.52","13.31","Осина - 1 порода","10175.52","8.88","Сосна сибирская - 2 породы","5719.02","4.99","Пихта - 7 пород","4836.72","4.22","Липа - 7 пород","1876.00","1.64","Береза -3 породы","1540.66","1.34","Дуб - 11 пород","1367.92","1.19","","4431.62","3.87","","114647.54","100.00","-","0.00","0.00","-","0.00","0.00","-","0.00","0.00","-","0.00","0.00","-","0.00","0.00","","0.00","0.00","","0","0.00","","114647.54",""
"Rwanda","","","","","","","","","","","","","","","","","","","","","","","","","","","","","","","","","","","","","","","","","","","","","","","","","","","","","","","","","","","","",""
"Saint Barthélemy","","","","","","","","","","","","","","","","","","","","","","","","","","","","","","","","","","","","","","","","","","","","","","","","","","","","","","","","","","","","",""
"Saint Kitts and Nevis","","","","","","","","","","","","","","","","","","","","","","","","","","","","","","","","","","","","","","","","","","","","","","","","","","","","","","","","","","","","",""
"Saint Lucia","2009","Maho kochon","1.65","17.41","Gonmye","0.93","9.81","","0.73","7.70","Chatannye","0.40","4.22","Balata chyen","0.38","4.01","Bwa di mas","0.34","3.59","","0.34","3.59","","0.31","3.27","Lagli","0.30","3.16","","0.30","3.16","","3.80","40.08","","9.48","100.00","","","","","","","","","","","","","","","","","","","","","","","9.48",""
"Saint Martin (French Part)","","","","","","","","","","","","","","","","","","","","","","","","","","","","","","","","","","","","","","","","","","","","","","","","","","","","","","","","","","","","",""
"Saint Pierre and Miquelon","2016","Sapin baumier","0.04","80.00","Epicéa noir et épicéa blanc","0.01","20.00","Bouleau à papier","0.00","0.00","Sorbier Amérique","0.00","0.00","","","","","","","","","","","","","","","","","","","","0.00","0.00","","0.05","100.00","Mélèze","0.00","0.00","","","","","","","","","","","","","","","","","0","0.00","","0.05",""
"Saint Vincent and the Grenadines","2011","","","","","","","","","","","","","","","","","","","","","","","","","","","","","","","","","","","","","","","","","","","","","","","","","","","","","","","","","","","",""
"Samoa","","","","","","","","","","","","","","","","","","","","","","","","","","","","","","","","","","","","","","","","","","","","","","","","","","","","","","","","","","","","",""
"San Marino","","","","","","","","","","","","","","","","","","","","","","","","","","","","","","","","","","","","","","","","","","","","","","","","","","","","","","","","","","","","",""
"Sao Tome and Principe","1990","Amoreira","","","Pau mole pau branco","","","Gogo","","","Pau-fêde","","","Pau figo/figo porco","","","Pau formiga","","","Viro","","","Marapião","","","","","","","","","","","","","","","Acácia","","","Cedrela","","","Jaqueira","","","Lotrineira/Eritrina","","","Fruteira","","","","","","","","","","",""
"Saudi Arabia","","العرعر السروي","","","العتم","","","التألب","","","السدر","","","الشبارق","","","اللوز الشرقي","","","السيال الحبشي","","","السلم","","","السمر","","","الكنهبل","","","","","","","","","","","","","","","","","","","","","","","","","","","","","","","",""
"Senegal","2004","mbep","36.73","11.00","Ratt","33.39","10.00","dimb","30.05","9.00","Venn","26.71","8.00","Santan","16.70","5.00","Wolosa","13.36","4.00","Sonn","13.36","4.00","Caïlcédrat","10.02","3.00","Tali","3.34","1.00","Tap","3.34","1.00","","146.92","44.00","","333.92","100.00","Eucalyptus","","","Filao","","","Gmelina","","","Teak","","","","","","","","","","","","","333.92",""
"Serbia","2022","Beech (bukva)","225.38","37.71","Turkey oak (cer)","76.44","12.79","Sessile oak (kitnjak)","35.12","5.88","Spruce (smrca)","34.13","5.71","Hungarian oak, (sladun)","28.63","4.79","Hornbeam, (grab)","25.64","4.29","Black pine, (crni bor)","24.23","4.05","Fir, (jela)","13.18","2.21","Pedunculate oak, (luznjak)","11.34","1.90","Flowering ash, (jasen)","9.29","1.55","","82.61","13.82","","565.99","94.71","Black locust, (bagrem)","19.71","3.30","American ash, (americki jasen)","0.84","0.14","Douglas fir (Duglazija)","0.74","0.12","Boxelder, (negundo)","0.62","0.10","Eastern white pine, (Vajmutov bor)","0.54","0.09","","9.16","1.53","","31.61","5.29","","597.6",""
"Seychelles","2022","screw-pine","","","Jellyfish Tree","","","bois rouge","","","bois de fer","","","coco de mer","","","","","","","","","","","","","","","","","","","","","","","","Slash Pine","","","Eucalyptus","","","Tecoma","","","Filao","","","Araucaria","","","","","","","","","","",""
"Sierra Leone","","","","","","","","","","","","","","","","","","","","","","","","","","","","","","","","","","","","","","","","","","","","","","","","","","","","","","","","","","","","",""
"Singapore","2020","Silver Back Tree","","","Tiup-tiup","","","Common Rhu","","","Simpoh Air","","","Sea Almond, Ketapang","","","Kasap, Common Rough Laurel","","","Wild Yellow Kandis","","","Wild Cinnamon","","","","","","","","","","","","","","","","","","","","","","","","","","","","","","","","","","","","","",""
"Sint Maarten (Dutch part)","","","","","","","","","","","","","","","","","","","","","","","","","","","","","","","","","","","","","","","","","","","","","","","","","","","","","","","","","","","","",""
"Slovakia","2022","European beech","191.34","35.40","Norway spruce","133.11","24.62","Oaks","73.64","13.62","Pines","35.52","6.57","European silver fir","27.92","5.16","European hornbeam","25.86","4.78","European larch","15.17","2.81","Maples","10.57","1.96","Ashes","10.25","1.90","Birch","3.35","0.62","","5.13","0.95","","531.86","98.39","Black locust","3.79","0.70","Black pine","2.17","0.40","Populus I214 and Robusta","1.56","0.29","","0.54","0.10","Douglas fir","0.37","0.07","","0.28","0.05","","8.71","1.61","","540.57",""
"Slovenia","2021","Common Beech","115.38","30.56","Norway Spruce","111.09","29.43","Fir","30.26","8.02","Sessile oak","18.37","4.87","Scots pine","15.91","4.21","Maple","13.63","3.61","Hornbeam","9.91","2.63","Larch","6.15","1.63","Chestnut","5.77","1.53","Hop Hornbeam","5.33","1.41","","45.70","12.11","","377.5","100.00","","","","","","","","","","","","","","","","","","","","","","","377.5",""
"Solomon Islands","2017","","","","","","","","","","","","","","","","","","","","","","","","","","","","","","","","","","","","","","","","","","","","","","","","","","","","","","","","","","","",""
"Somalia","2023","Dhamas","","","Dhiigtaar","","","Tugaar","","","Gumar","","","Qaydar","","","Weger","","","Canjeel","","","Garbi","","","Adadag","","","Higlo","","","","","","","","","Baxerasaaf","","","Boordi","","","Geed hindi","","","Geed walaayo","","","Garawaa","","","","","","","","","","",""
"South Africa","","","","","","","","","","","","","","","","","","","","","","","","","","","","","","","","","","","","","","Patula pine","24.00","16.90","Rose gum","35.00","24.65","Slash pine","24.00","16.90","Black wattle","24.00","16.90","","35.00","24.65","","","","","142","100.00","","142",""
"South Sudan","","Okoume","","","Lalob","","","African oil bean","","","Camel's foot leaf tree","","","African celtis","","","Wild pig","","","Indian jujube / Buffalo thorn","","","White-leaved raisin","","","Maroola plum / Marula tree","","","Apple ring acacia","","","","","","","","","Band","","","Hashab","","","","","","","","","","","","","","","","","","","",""
"Spain","2022","Pino silvestre o albar","225.14","16.88","Pino resinero","181.54","13.61","Pino carrasco","109.51","8.21","Pino laricio, salgareño o negral","120.27","9.02","Haya","85.70","6.42","Encina","81.19","6.09","Melojo rebollo y roble pubescente","74.80","5.61","Roble","32.98","2.47","Castaño","30.94","2.32","Pino piñonero","30.11","2.26","","195.31","14.64","","1167.49","87.53","Eucalipto globulus","72.24","5.42","Pino radiata, insigne o","64.88","4.86","Chopo híbrido","13.22","0.99","Eucalipto rostrata","5.34","0.40","Pseudotsuga","2.40","0.18","","8.29","0.62","","166.37","12.47","","1333.86",""
"Sri Lanka","","Weera","","","Peacock Chaste","","","Ceylon Satinwood","","","Trincomali Wood","","","Dragons Eye","","","Bidi Leaf tree","","","Cork-leaved Bayur","","","Ceylon Oak","","","Java Plum","","","Bitter Nutmeg","","","","","","","","","Teak","","","Rose Gum / Flooded Gum","","","Caribbean Pine","","","African Mahogany","","","","","","","","","","","","","",""
"Sudan","2019","Heglil","91.27","26.52","Sahab","66.14","19.22","","47.50","13.80","Arad","46.11","13.40","","29.02","8.43","Himmeid","21.44","6.23","","12.54","3.64","","12.19","3.54","","10.10","2.94","Hashab","7.80","2.27","","","","","344.11","100.00","","","","","","","","","","","","","","","","","","","","","","","344.11",""
"Suriname","2017","Walaba","628.60","13.73","Kwepi or Anawra or Fungu type","213.46","4.66","Boletri","177.73","3.88","Basralokus","176.38","3.85","Berg Umabarklak","157.62","3.44","Ingipipa","150.39","3.29","Mora-bukeya","133.34","2.91","Rode Sali","133.21","2.91","Kopi","130.04","2.84","Barklak or Tete-udu type","122.16","2.67","","2553.85","55.80","","4576.78","100.00","","","","","","","","","","","","","","","","","","","","","","","4576.78",""
"Svalbard and Jan Mayen Islands","","","","","","","","","","","","","","","","","","","","","","","","","","","","","","","","","","","","","","","","","","","","","","","","","","","","","","","","","","","","",""
"Sweden","2020","Scots pine","1415.00","39.92","Norway spruce","1387.00","39.13","Birch","455.00","12.83","Aspen","64.00","1.81","Oak","45.00","1.27","Black alder","43.00","1.21","Beech","23.00","0.65","Sallow","17.00","0.48","Grey alder","16.00","0.45","Rowan","7.00","0.20","","21.00","0.59","","3493","98.53","Contorta pine","52.00","1.47","","","","","","","","","","","","","","","","","52","1.47","","3545",""
"Switzerland","2020","Norway spruce","184.21","42.20","Beech","78.46","17.97","European Silver fir","68.07","15.59","European Larch","27.73","6.35","Ash","15.35","3.52","Sycamore","14.04","3.22","Scots pine","9.49","2.17","Sweet chestnut","5.85","1.34","Sessile oak","4.09","0.94","Pedunculate oak","3.39","0.78","","22.28","5.10","","432.96","99.19","Douglas fir","1.93","0.44","Black locust","0.52","0.12","Red oak","0.32","0.07","Weymouth pine","0.26","0.06","non native Populus","0.19","0.04","","0.32","0.07","","3.54","0.81","","436.5",""
"Syrian Arab Republic","2023","","","","","","","","","","","","","","","","","","","","","","","","","","","","","","","","","","","","","","","","","","","","","","","","","","","","","","","","","","","",""
"Tajikistan","","","","","","","","","","","","","","","","","","","","","","","","","","","","","","","","","","","","","","","","","","","","","","","","","","","","","","","","","","","","",""
"Thailand","","Teak","","","Yang","","","Siamese rosewood","","","Iron wood","","","Teng","","","Burmese","","","Blackwoood","","","","","","","","","","","","","","","","","","rubber","","","","","","","","","","","","","","","","","","","","","","",""
"Timor-Leste","","","","","","","","","","","","","","","","","","","","","","","","","","","","","","","","","","","","","","","","","","","","","","","","","","","","","","","","","","","","",""
"Togo","2021","","9.63","9.45","","7.81","7.66","","5.93","5.82","","5.38","5.28","","2.87","2.82","","2.38","2.34","","2.45","2.40","","2.23","2.19","","2.05","2.01","","2.05","2.01","","57.91","56.82","","100.69","98.79","","1.15","1.13","","0.05","0.05","","0.01","0.01","","0.01","0.01","","0.01","0.01","","0.00","0.00","","1.23","1.21","","101.92",""
"Tokelau","","","","","","","","","","","","","","","","","","","","","","","","","","","","","","","","","","","","","","","","","","","","","","","","","","","","","","","","","","","","",""
"Tonga","2023","","","","","","","","","","","","","","","","","","","","","","","","","","","","","","","","","","","","","","","","","","","","","","","","","","","","","","","","","","","",""
"Trinidad and Tobago","","","","","","","","","","","","","","","","","","","","","","","","","","","","","","","","","","","","","","","","","","","","","","","","","","","","","","","","","","","","",""
"Tunisia","2005","Pin d'Alep","10.56","48.02","Chêne liège","4.36","19.83","Chêne zeen","1.00","4.55","Thuya","0.41","1.86","Pin maritime","0.33","1.50","Genévrier rouge","0.24","1.09","Acacia tortilis","0.12","0.55","Cyprés","0.08","0.36","Chêne vert","0.01","0.05","","","","","1.94","8.82","","19.05","86.63","Eucalyptus","0.77","3.50","Pin pignon","0.75","3.41","Acacia sp","0.58","2.64","","","","","","","","0.84","3.82","","2.94","13.37","","21.99",""
"Türkiye","2023","Black pine","400.96","23.30","Turkish red pine","353.65","20.55","Beech","351.85","20.44","Scots pine","158.58","9.21","Oak","153.91","8.94","Fir","121.79","7.08","Spruce","77.35","4.49","Juniperus","34.79","2.02","Cedrus","25.01","1.45","Alder","12.14","0.71","","25.22","1.47","","1715.25","99.65","Maritime pine","5.59","0.32","Eucalyptus","0.15","0.01","Monterey pine","0.14","0.01","Elderica pine","0.04","0.00","Douglas fir","0.02","0.00","","0.00","0.00","","5.94","0.35","","1721.19",""
"Turkmenistan","2005","White haloxilon","7.50","51.69","Black haloxilon","1.80","12.41","Juniper","1.50","10.34","Pistachio","0.15","1.03","Kandym","0.06","0.41","Soljanka","0.04","0.28","Derjziderevo","0.07","0.48","Maple","0.02","0.14","Elm","0.02","0.14","","","","","3.35","23.09","","14.51","100.00","","","","","","","","","","","","","","","","","","","","","","","14.51",""
"Turks and Caicos Islands","","","","","","","","","","","","","","","","","","","","","","","","","","","","","","","","","","","","","","","","","","","","","","","","","","","","","","","","","","","","",""
"Tuvalu","","","","","","","","","","","","","","","","","","","","","","","","","","","","","","","","","","","","","","","","","","","","","","","","","","","","","","","","","","","","",""
"Uganda","","","","","","","","","","","","","","","","","","","","","","","","","","","","","","","","","","","","","","","","","","","","","","","","","","","","","","","","","","","","",""
"Ukraine","","","","","","","","","","","","","","","","","","","","","","","","","","","","","","","","","","","","","","","","","","","","","","","","","","","","","","","","","","","","",""
"United Arab Emirates","2023","السمر","","","السلم","","","السدر","","","الغاف","","","لعلعلان","","","الصمغ العربي","","","السرح","","","اثب","","","عضب","","","ضبيان","","","","","","","","","","","","","","","","","","","","","","","","","","","","","","","",""
"United Kingdom of Great Britain and Northern Ireland","2022","Oak","75.00","11.16","Scots pine","59.00","8.78","Ash","42.00","6.25","Beech","31.00","4.61","Birch","28.00","4.17","Alder","12.00","1.79","Hazel","9.00","1.34","Willow","7.00","1.04","Hawthorn","4.00","0.60","","","","","0.00","0.00","","267","39.73","Sitka spruce","221.00","32.89","Larches","34.00","5.06","Sycamore","27.00","4.02","Norway spruce","22.00","3.27","Douglas fir","19.00","2.83","","82.00","12.20","","405","60.27","","672",""
"United Republic of Tanzania","","African pencil cedar","","","Red stinkwood","","","Elgon teak","","","Meru Oak","","","Mbambakofi","","","Bushwillow","","","Mikoko","","","Baobab","","","Euphorbia","","","Acacia","","","","","","","","","Cypress","","","Pinus","","","Eucalypts","","","Grevillia","","","Casuarina","","","","","","","","","","",""
"United States of America","2022","Douglas-fir","5318.06","11.82","loblolly pine","4226.03","9.40","red maple","1725.72","3.84","ponderosa pine","1645.76","3.66","yellow poplar","1463.97","3.26","western hemlock","1435.68","3.19","white oak","1367.99","3.04","sugar maple","1210.87","2.69","northern red oak","1031.00","2.29","sweetgum","918.13","2.04","","24452.01","54.37","","44795.22","99.60","Norway spruce","38.65","0.09","Chinese tallowtree","24.24","0.05","Scotch pine","19.35","0.04","ailanthus","19.31","0.04","grand eucalyptus","9.98","0.02","","68.98","0.15","","180.51","0.40","","44975.73",""
"United States Virgin Islands","2024","black mampoo","0.08","12.70","gumbo limbo","0.04","6.35","water mampoo","0.04","6.35","bodywood","0.03","4.76","spineless wattle","0.02","3.17","cabbagebark tree","0.02","3.17","white cinnamon","0.01","1.59","puckhout","0.01","1.59","Spanish elm","0.01","1.59","camito de perro","0.01","1.59","","0.07","11.11","","0.34","53.97","Spanish lime","0.13","20.63","West Indian maogany","0.07","11.11","mango","0.03","4.76","woman's tounge","0.01","1.59","sapodilla","0.02","3.17","","0.03","4.76","","0.29","46.03","","0.63",""
"Uruguay","2020","Blanquillo","15.76","6.21","Mataojo","13.16","5.19","Coronilla","8.42","3.32","Ceibo","5.07","2.00","Sauce Criollo","5.02","1.98","Aruera","4.82","1.90","Chal-Chal","3.99","1.57","Arrayan","3.96","1.56","Palo de leche","3.76","1.48","Molle","3.74","1.47","","41.93","16.53","","109.63","43.21","","48.20","19.00","Eucalyptus rosado","39.14","15.43","","30.99","12.21","Eucalyptus blanco","10.84","4.27","Eucalyptus colorado","9.83","3.87","","5.08","2.00","","144.08","56.79","","253.71",""
"Uzbekistan","","","","","","","","","","","","","","","","","","","","","","","","","","","","","","","","","","","","","","","","","","","","","","","","","","","","","","","","","","","","",""
"Vanuatu","","","","","","","","","","","","","","","","","","","","","","","","","","","","","","","","","","","","","","","","","","","","","","","","","","","","","","","","","","","","",""
"Venezuela (Bolivarian Republic of)","","","","","","","","","","","","","","","","","","","","","","","","","","","","","","","","","","","","","","","","","","","","","","","","","","","","","","","","","","","","",""
"Viet Nam","2020","Khao","","","Truong chua","","","Nhoc den","","","Cho xanh","","","Tau mat","","","Truong","","","Gol nep","","","De cau","","","Re vang","","","Voi thuoc","","","","","","","","","Keo tai tượng","","","Keo lai","","","Bạch đàn trắng","","","Bạch đàn lai","","","Bạch đàn urô","","","","","","","","","","",""
"Wallis and Futuna Islands","2009","Niu, Cocotier","","","Fau, Hibiscus à feuille de tilleul","","","Higano, Sigano, Pandanus","","","Lepo, Pata","","","Tavai, Sumac","","","Togovao, Cerisier bleu","","","Kolotolu, Cardinal(ier)","","","Kaukau'uli","","","Tasili","","","","","","","","","","","","Pin des Caraïbes","","","","","","","","","","","","","","","","","","","","","","",""
"Western Sahara","","","","","","","","","","","","","","","","","","","","","","","","","","","","","","","","","","","","","","","","","","","","","","","","","","","","","","","","","","","","",""
"Yemen","","دمس اوغلب","","","سمر بلدي","","","سمر عربي","","","اثل","","","ضبيان","","","قرض","","","سقم","","","اثب","","","الصمغ العربي","","","عضب","","","","","","","","","","","","","","","","","","","","","","","","","","","","","","","",""
"Zambia","2008","","332.69","10.77","","328.14","10.63","","243.72","7.89","","235.78","7.64","","178.37","5.78","","144.55","4.68","","103.01","3.34","","100.10","3.24","","96.33","3.12","","76.33","2.47","","1239.44","40.14","","3078.46","99.70","","4.68","0.15","","2.05","0.07","","1.57","0.05","","0.30","0.01","syn. Pinus michoacana","0.32","0.01","","0.31","0.01","","9.23","0.30","","3087.69",""
"Zimbabwe","2000","Msasa","159.10","28.57","Zambezi teak","62.70","11.26","Munondo","10.90","1.96","Mopane","4.00","0.72","Velvet bushwillow","2.30","0.41","Silver terminalia","1.10","0.20","Sickle bush","0.20","0.04","Red syringa","0.20","0.04","","","","","","","","281.70","50.58","","522.2","93.77","","23.30","4.18","","5.80","1.04","Wattle","5.60","1.01","","","","","","","","","","","34.7","6.23","","556.9",""
"© FRA 2026","","","","","","","","","","","","","","","","","","","","","","","","","","","","","","","","","","","","","","","","","","","","","","","","","","","","","","","","","","","","",""