country,code,forest_1990,forest_2025,forest_change,mean_gdp,region,income_group
Afghanistan,AFG,1.85,1.85,0.0,415.4949455842083,South Asia,Low income
Albania,ALB,28.79,34.34,5.550000000000004,3520.932338263668,Europe & Central Asia,Upper middle income
Algeria,DZA,0.72,0.71,-0.01,3545.5985429966904,Middle East & North Africa,Upper middle income
American Samoa,ASM,90.35,79.25,-11.099999999999994,11575.37566019524,East Asia & Pacific,High income
Andorra,AND,37.64,38.77,1.1300000000000026,34124.77009588919,Europe & Central Asia,High income
Angola,AGO,62.19,50.74,-11.449999999999996,2301.9532897982067,Sub-Saharan Africa,Lower middle income
Antigua and Barbuda,ATG,22.98,17.7,-5.280000000000001,14242.239885303634,Latin America & Caribbean,High income
Argentina,ARG,20.46,17.03,-3.43,9017.220575484442,Latin America & Caribbean,Upper middle income
Armenia,ARM,11.76,11.74,-0.0199999999999995,2613.0010138261855,Europe & Central Asia,Upper middle income
Aruba,ABW,2.72,2.72,0.0,23517.494199517365,Latin America & Caribbean,High income
Australia,AUS,17.5,17.36,-0.1400000000000005,40512.67342040289,East Asia & Pacific,High income
Austria,AUT,45.75,47.31,1.5600000000000025,39482.83486678306,Europe & Central Asia,High income
Azerbaijan,AZE,11.43,14.68,3.25,3383.9422425160096,Europe & Central Asia,Upper middle income
Bahrain,BHR,1.73,5.53,3.8,19405.71003733748,Middle East & North Africa,High income
Bangladesh,BGD,15.25,14.39,-0.8599999999999994,970.6325753948358,South Asia,Lower middle income
Barbados,BRB,14.65,14.65,0.0,15793.474448481538,Latin America & Caribbean,High income
Belarus,BLR,38.33,44.22,5.890000000000001,4310.261292576996,Europe & Central Asia,Upper middle income
Belgium,BEL,22.21,21.99,-0.2200000000000024,37312.708184126284,Europe & Central Asia,High income
Belize,BLZ,69.26,57.65,-11.610000000000008,5231.646676781307,Latin America & Caribbean,Upper middle income
Benin,BEN,61.9,27.79,-34.11,819.3018099885973,Sub-Saharan Africa,Lower middle income
Bermuda,BMU,14.44,14.44,0.0,82137.9008174466,North America,High income
Bhutan,BTN,65.72,70.13,4.409999999999997,1840.3187385824024,South Asia,Lower middle income
Bolivia,BOL,57.02,50.19,-6.830000000000005,2052.139966624646,Latin America & Caribbean,Lower middle income
Bosnia and Herzegovina,BIH,43.16,42.23,-0.9299999999999996,3669.969416501449,Europe & Central Asia,Upper middle income
Botswana,BWA,27.75,27.76,0.0100000000000015,5220.709078622016,Sub-Saharan Africa,Upper middle income
Brazil,BRA,73.99,58.16,-15.829999999999998,6915.845182242137,Latin America & Caribbean,Upper middle income
British Virgin Islands,VGB,66.67,66.47,-0.2000000000000028,,Latin America & Caribbean,High income
Bulgaria,BGR,30.65,36.47,5.82,5959.728481704972,Europe & Central Asia,High income
Burkina Faso,BFA,30.33,11.83,-18.5,529.0799690178129,Sub-Saharan Africa,Low income
Burundi,BDI,10.77,10.89,0.120000000000001,194.79189618328263,Sub-Saharan Africa,Low income
Cambodia,KHM,62.34,35.88,-26.46,1005.8089608511212,East Asia & Pacific,Lower middle income
Cameroon,CMR,47.6,40.5,-7.100000000000001,1245.4998222955223,Sub-Saharan Africa,Lower middle income
Canada,CAN,41.05,41.97,0.9200000000000016,36996.58824321332,North America,High income
Cayman Islands,CYM,54.71,53.0,-1.7100000000000009,82972.18096995173,Latin America & Caribbean,High income
Central African Republic,CAF,74.54,72.39,-2.1500000000000057,388.6691071093741,Sub-Saharan Africa,Low income
Chad,TCD,5.34,2.87,-2.47,690.7563615643833,Sub-Saharan Africa,Low income
Chile,CHL,22.61,24.43,1.8200000000000005,9679.102452706778,Latin America & Caribbean,High income
China,CHN,16.74,24.2,7.460000000000001,4744.225623112354,East Asia & Pacific,Upper middle income
Colombia,COL,58.68,53.59,-5.089999999999996,4594.981419858527,Latin America & Caribbean,Upper middle income
Comoros,COM,25.34,17.93,-7.41,1172.7808523201154,Sub-Saharan Africa,Lower middle income
Costa Rica,CRI,54.03,58.55,4.519999999999996,7585.707172831048,Latin America & Caribbean,Upper middle income
Croatia,HRV,33.06,34.78,1.7199999999999989,10914.440966696484,Europe & Central Asia,High income
Cuba,CUB,22.27,34.9,12.63,4715.376493575064,Latin America & Caribbean,Upper middle income
Cyprus,CYP,17.44,18.58,1.139999999999997,23332.101646205356,Europe & Central Asia,High income
Czechia,CZE,36.79,38.46,1.6700000000000017,15242.391369532967,Europe & Central Asia,High income
Denmark,DNK,13.29,16.06,2.77,48611.14523447357,Europe & Central Asia,High income
Djibouti,DJI,0.24,0.26,0.02,1530.7868088605503,Middle East & North Africa,Lower middle income
Dominica,DMA,78.44,76.47,-1.9699999999999989,6490.748678640926,Latin America & Caribbean,Upper middle income
Dominican Republic,DOM,44.24,46.84,2.6000000000000014,4870.810433520847,Latin America & Caribbean,Upper middle income
Ecuador,ECU,58.92,49.57,-9.35,3913.2328352808186,Latin America & Caribbean,Upper middle income
El Salvador,SLV,35.5,33.05,-2.450000000000003,2874.5199850280446,Latin America & Caribbean,Upper middle income
Equatorial Guinea,GNQ,96.23,85.8,-10.430000000000009,6672.049668259525,Sub-Saharan Africa,Upper middle income
Eritrea,ERI,13.64,11.91,-1.7300000000000004,390.07545674651703,Sub-Saharan Africa,Low income
Estonia,EST,51.62,57.26,5.640000000000001,14474.139315187216,Europe & Central Asia,High income
Eswatini,SWZ,28.23,25.18,-3.0500000000000007,2754.0740364933927,Sub-Saharan Africa,Lower middle income
Ethiopia,ETH,25.29,23.7,-1.59,403.1764551864945,Sub-Saharan Africa,Low income
Faroe Islands,FRO,0.06,0.06,0.0,42245.63525034731,Europe & Central Asia,High income
Fiji,FJI,51.43,62.21,10.78,3664.9823602888237,East Asia & Pacific,Upper middle income
Finland,FIN,71.97,74.17,2.200000000000003,38663.308909198226,Europe & Central Asia,High income
France,FRA,26.36,32.5,6.140000000000001,34041.32883538108,Europe & Central Asia,High income
French Polynesia,PYF,41.61,43.06,1.4500000000000028,19916.51721935261,East Asia & Pacific,High income
Gabon,GAB,92.27,91.42,-0.8499999999999943,6502.435745171399,Sub-Saharan Africa,Upper middle income
Georgia,GEO,43.61,44.62,1.009999999999998,2937.012610092142,Europe & Central Asia,Upper middle income
Germany,DEU,32.34,32.86,0.519999999999996,37995.62363081975,Europe & Central Asia,High income
Ghana,GHA,25.52,31.01,5.490000000000002,1151.3982847116768,Sub-Saharan Africa,Lower middle income
Greece,GRC,28.77,36.95,8.180000000000003,18507.71220788974,Europe & Central Asia,High income
Greenland,GRL,0.0,0.0,0.0,35956.47140514761,Europe & Central Asia,High income
Grenada,GRD,52.06,52.06,0.0,6585.003407916524,Latin America & Caribbean,Upper middle income
Guam,GUM,44.44,52.35,7.910000000000004,31427.982330473384,East Asia & Pacific,High income
Guatemala,GTM,45.28,32.99,-12.29,2800.6267237988905,Latin America & Caribbean,Upper middle income
Guinea,GIN,29.31,19.77,-9.54,771.2862134998155,Sub-Saharan Africa,Lower middle income
Guinea-Bissau,GNB,80.28,74.67,-5.609999999999999,627.8012860942139,Sub-Saharan Africa,Low income
Guyana,GUY,94.5,93.36,-1.1400000000000006,4831.53513567827,Latin America & Caribbean,High income
Haiti,HTI,13.4,13.5,0.0999999999999996,997.5001049735076,Latin America & Caribbean,Lower middle income
Honduras,HND,68.32,52.38,-15.93999999999999,1681.6355650462046,Latin America & Caribbean,Lower middle income
Hungary,HUN,19.88,22.87,2.990000000000002,10988.321468293561,Europe & Central Asia,High income
Iceland,ISL,0.18,0.61,0.43,48606.48025109835,Europe & Central Asia,High income
India,IND,21.5,24.46,2.960000000000001,1114.969497147248,South Asia,Lower middle income
Indonesia,IDN,61.47,50.71,-10.759999999999998,2283.58424485882,East Asia & Pacific,Upper middle income
Iraq,IRQ,1.85,1.6,-0.25,3414.6536571799274,Middle East & North Africa,Upper middle income
Ireland,IRL,6.7,12.09,5.39,50934.20066999654,Europe & Central Asia,High income
Isle of Man,IMN,6.37,6.44,0.0700000000000002,49641.98746789473,Europe & Central Asia,High income
Italy,ITA,25.67,31.86,6.189999999999998,29905.562869719233,Europe & Central Asia,High income
Jamaica,JAM,48.13,56.91,8.779999999999994,4359.559179894821,Latin America & Caribbean,Upper middle income
Japan,JPN,68.45,68.33,-0.1200000000000045,37670.55180504389,East Asia & Pacific,High income
Jordan,JOR,0.8,0.8,0.0,2804.2547853247547,Middle East & North Africa,Lower middle income
Kazakhstan,KAZ,1.17,1.3,0.1300000000000001,6086.22570676874,Europe & Central Asia,Upper middle income
Kenya,KEN,6.57,6.88,0.3099999999999996,997.1310505656222,Sub-Saharan Africa,Lower middle income
Kiribati,KIR,1.32,1.32,0.0,1338.5449635233656,East Asia & Pacific,Lower middle income
Kuwait,KWT,0.19,0.35,0.1599999999999999,29030.260170458478,Middle East & North Africa,High income
Latvia,LVA,50.99,55.71,4.719999999999999,11354.424856133848,Europe & Central Asia,High income
Lebanon,LBN,13.48,13.81,0.33,5120.612187007364,Middle East & North Africa,Lower middle income
Lesotho,LSO,1.14,1.14,0.0,793.3575202838283,Sub-Saharan Africa,Lower middle income
Liberia,LBR,83.15,65.68,-17.47,419.9930190941393,Sub-Saharan Africa,Low income
Libya,LBY,0.12,0.12,0.0,7830.2888403593515,Middle East & North Africa,Upper middle income
Liechtenstein,LIE,32.5,37.38,4.880000000000003,121047.82323205454,Europe & Central Asia,High income
Lithuania,LTU,31.07,35.4,4.329999999999998,12564.93997494961,Europe & Central Asia,High income
Luxembourg,LUX,33.33,34.45,1.1200000000000043,86444.68495942505,Europe & Central Asia,High income
Madagascar,MDG,23.51,17.05,-6.460000000000001,393.86274563197804,Sub-Saharan Africa,Low income
Malawi,MWI,37.14,21.55,-15.59,441.95302814148977,Sub-Saharan Africa,Low income
Malaysia,MYS,62.76,57.48,-5.280000000000001,7154.3279738948095,East Asia & Pacific,Upper middle income
Maldives,MDV,12.4,12.4,0.0,5915.620820779915,South Asia,Upper middle income
Mali,MLI,11.47,8.59,-2.880000000000001,656.4774103891854,Sub-Saharan Africa,Low income
Malta,MLT,1.09,1.47,0.3799999999999999,20140.250807348933,Middle East & North Africa,High income
Marshall Islands,MHL,52.22,53.94,1.7199999999999989,3451.6617759232035,East Asia & Pacific,Upper middle income
Mauritania,MRT,0.9,0.99,0.0899999999999999,1326.8883150275333,Sub-Saharan Africa,Lower middle income
Mauritius,MUS,20.57,19.17,-1.3999999999999986,6914.506743506396,Sub-Saharan Africa,Upper middle income
Mexico,MEX,36.94,34.09,-2.8499999999999943,8505.107037457068,Latin America & Caribbean,Upper middle income
Moldova,MDA,9.89,11.26,1.3699999999999992,2299.1275267656274,Europe & Central Asia,Upper middle income
Monaco,MCO,0.0,0.0,0.0,147579.45778102003,Europe & Central Asia,High income
Mongolia,MNG,9.21,9.1,-0.1100000000000012,2343.1417703517027,East Asia & Pacific,Upper middle income
Montenegro,MNE,46.54,61.49,14.950000000000005,6068.4997069845485,Europe & Central Asia,Upper middle income
Morocco,MAR,12.77,12.76,-0.0099999999999997,2517.7336600167428,Middle East & North Africa,Lower middle income
Mozambique,MOZ,52.89,41.0,-11.89,443.9559043033684,Sub-Saharan Africa,Low income
Myanmar,MMR,60.09,41.51,-18.580000000000005,662.1565982939053,East Asia & Pacific,Lower middle income
Namibia,NAM,10.65,9.77,-0.8800000000000008,3677.5621489421846,Sub-Saharan Africa,Upper middle income
Nauru,NRU,0.0,0.0,0.0,6362.112109652163,East Asia & Pacific,High income
Nepal,NPL,40.1,43.71,3.61,591.6236959503227,South Asia,Lower middle income
Netherlands,NLD,10.26,10.97,0.7100000000000009,42345.64734653008,Europe & Central Asia,High income
New Caledonia,NCL,45.47,48.83,3.3599999999999994,26324.314276707977,East Asia & Pacific,High income
New Zealand,NZL,35.59,39.13,3.539999999999999,29572.781344111845,East Asia & Pacific,High income
Nicaragua,NIC,58.99,39.73,-19.260000000000005,1425.48526894231,Latin America & Caribbean,Lower middle income
Niger,NER,1.54,0.83,-0.7100000000000001,414.51664637903764,Sub-Saharan Africa,Low income
Nigeria,NGA,23.68,18.81,-4.870000000000001,1677.976443244425,Sub-Saharan Africa,Lower middle income
North Macedonia,MKD,36.16,40.69,4.530000000000001,4225.644119737552,Europe & Central Asia,Upper middle income
Northern Mariana Islands,MNP,44.17,52.96,8.79,18842.01161701951,East Asia & Pacific,High income
Norway,NOR,33.54,33.24,-0.2999999999999971,65035.73704743413,Europe & Central Asia,High income
Oman,OMN,0.01,0.01,0.0,15350.12850479662,Middle East & North Africa,High income
Pakistan,PAK,4.49,4.14,-0.3500000000000005,925.1711863189944,South Asia,Lower middle income
Palau,PLW,82.93,91.02,8.08999999999999,10600.60432662726,East Asia & Pacific,High income
Panama,PAN,66.81,62.21,-4.600000000000001,8642.008986696623,Latin America & Caribbean,High income
Papua New Guinea,PNG,76.44,75.14,-1.2999999999999972,1647.8117029451314,East Asia & Pacific,Lower middle income
Paraguay,PRY,64.85,36.1,-28.749999999999996,3753.9856020691204,Latin America & Caribbean,Upper middle income
Peru,PER,60.19,52.47,-7.719999999999999,4210.684776404221,Latin America & Caribbean,Upper middle income
Philippines,PHL,26.09,24.95,-1.1400000000000006,2002.2182111727031,East Asia & Pacific,Lower middle income
Poland,POL,29.02,31.02,2.0,10080.325450916314,Europe & Central Asia,High income
Portugal,PRT,37.54,36.71,-0.8299999999999983,18092.67230356933,Europe & Central Asia,High income
Puerto Rico,PRI,34.25,49.16,14.909999999999997,22665.103199446687,Latin America & Caribbean,High income
Qatar,QAT,0.12,0.12,0.0,52461.09703846829,Middle East & North Africa,High income
Romania,ROU,27.69,30.24,2.549999999999997,7054.226815928309,Europe & Central Asia,High income
Rwanda,RWA,17.71,25.72,8.009999999999998,504.0674476910792,Sub-Saharan Africa,Low income
Samoa,WSM,63.52,57.47,-6.050000000000004,2792.2696003292394,East Asia & Pacific,Lower middle income
San Marino,SMR,16.67,16.67,0.0,51211.719495147045,Europe & Central Asia,High income
Saudi Arabia,SAU,1.29,1.29,0.0,19660.58272522671,Middle East & North Africa,High income
Senegal,SEN,47.75,44.92,-2.8299999999999983,1110.2714134624246,Sub-Saharan Africa,Lower middle income
Serbia,SRB,27.51,41.33,13.819999999999997,5843.238994408448,Europe & Central Asia,Upper middle income
Seychelles,SYC,74.2,57.65,-16.550000000000004,11649.644323688832,Sub-Saharan Africa,High income
Sierra Leone,SLE,43.32,33.75,-9.57,561.6440036032269,Sub-Saharan Africa,Low income
Singapore,SGP,20.65,22.01,1.360000000000003,42583.48328915204,East Asia & Pacific,High income
Sint Maarten (Dutch part),SXM,8.82,8.82,0.0,33181.23086598076,Latin America & Caribbean,High income
Slovenia,SVN,59.0,61.76,2.759999999999998,18757.6027579995,Europe & Central Asia,High income
Solomon Islands,SLB,90.74,89.82,-0.9200000000000016,1484.6573184589793,East Asia & Pacific,Lower middle income
Somalia,SOM,13.2,7.7,-5.499999999999999,366.407161967126,Sub-Saharan Africa,Low income
South Africa,ZAF,16.34,18.86,2.52,5299.283175631321,Sub-Saharan Africa,Upper middle income
South Sudan,SSD,11.24,11.33,0.0899999999999998,1375.87731816094,Sub-Saharan Africa,Low income
Spain,ESP,27.83,38.29,10.46,24184.065510137232,Europe & Central Asia,High income
Sri Lanka,LKA,38.31,34.28,-4.030000000000001,2205.5380294002102,South Asia,Lower middle income
Sudan,SDN,15.03,11.77,-3.26,840.0392355782647,Sub-Saharan Africa,Low income
Suriname,SUR,92.62,91.42,-1.2000000000000028,4556.18863989998,Latin America & Caribbean,Upper middle income
Sweden,SWE,68.9,68.59,-0.3100000000000023,44188.043627968786,Europe & Central Asia,High income
Switzerland,CHE,29.2,32.07,2.870000000000001,65779.39484576517,Europe & Central Asia,High income
Tajikistan,TJK,2.94,3.06,0.1200000000000001,589.0816072613007,Europe & Central Asia,Lower middle income
Tanzania,TZA,65.66,49.0,-16.659999999999997,660.1296125139512,Sub-Saharan Africa,Lower middle income
Thailand,THA,39.61,38.46,-1.1499999999999986,4225.611671675962,East Asia & Pacific,Upper middle income
Togo,TGO,23.87,22.51,-1.3599999999999994,658.2189797213525,Sub-Saharan Africa,Low income
Tonga,TON,12.12,12.12,0.0,3054.657283381219,East Asia & Pacific,Upper middle income
Trinidad and Tobago,TTO,46.96,44.06,-2.8999999999999986,12562.440889946065,Latin America & Caribbean,High income
Tunisia,TUN,4.15,4.43,0.2799999999999993,3142.092089357306,Middle East & North Africa,Lower middle income
Turkmenistan,TKM,4.96,4.96,0.0,3258.755871266332,Europe & Central Asia,Upper middle income
Turks and Caicos Islands,TCA,11.07,11.07,0.0,27100.250203563803,Latin America & Caribbean,High income
Tuvalu,TUV,34.33,34.33,0.0,2844.9694176788566,East Asia & Pacific,Upper middle income
Uganda,UGA,22.68,11.81,-10.87,540.2719126227385,Sub-Saharan Africa,Low income
Ukraine,UKR,16.01,17.41,1.3999999999999986,2412.0237234933043,Europe & Central Asia,Upper middle income
United Arab Emirates,ARE,4.43,4.57,0.1400000000000005,38315.65854496015,Middle East & North Africa,High income
United Kingdom,GBR,11.48,13.55,2.0700000000000003,36700.15879625829,Europe & Central Asia,High income
United States,USA,33.06,33.77,0.7100000000000009,47077.17050204633,North America,High income
Uruguay,URY,5.02,11.56,6.540000000000001,11204.938408060514,Latin America & Caribbean,High income
Uzbekistan,UZB,5.79,8.84,3.05,1385.4404740240027,Europe & Central Asia,Lower middle income
Vanuatu,VUT,81.29,74.44,-6.8500000000000085,2275.5558349593134,East Asia & Pacific,Lower middle income
Vietnam,VNM,29.91,47.19,17.279999999999998,1593.682662959924,East Asia & Pacific,Lower middle income
Zambia,ZMB,63.78,60.36,-3.4200000000000017,934.5875882190619,Sub-Saharan Africa,Lower middle income
Zimbabwe,ZWE,43.21,35.58,-7.630000000000003,1153.0358118115823,Sub-Saharan Africa,Lower middle income
Bahamas,BHS,50.94,50.94,0.0,25364.75104199548,Latin America & Caribbean,High income
Brunei,BRN,78.37,72.11,-6.260000000000005,29356.312431852235,East Asia & Pacific,High income
Cape Verde,CPV,8.31,12.67,4.359999999999999,2685.1962607303362,Sub-Saharan Africa,Lower middle income
Congo,COG,65.17,63.99,-1.1799999999999995,1907.6967322552919,Sub-Saharan Africa,Lower middle income
Cote d'Ivoire,,26.09,11.87,-14.22,,,
Curacao,,0.16,0.16,0.0,,,
Democratic Republic of Congo,COD,70.81,61.4,-9.410000000000004,335.08061334651467,Sub-Saharan Africa,Low income
East Timor,TLS,74.01,70.9,-3.1099999999999994,845.2255676472947,East Asia & Pacific,Lower middle income
Egypt,EGY,0.0,0.0,0.0,1998.2499212828773,Middle East & North Africa,Lower middle income
Gambia,GMB,40.98,20.7,-20.28,645.3239110736133,Sub-Saharan Africa,Low income
Iran,IRN,6.63,6.63,0.0,3779.2528915842636,Middle East & North Africa,Upper middle income
Kyrgyzstan,KGZ,5.93,6.55,0.6200000000000001,864.572511628471,Europe & Central Asia,Lower middle income
Laos,LAO,62.39,56.48,-5.910000000000004,1123.7687044856186,East Asia & Pacific,Lower middle income
Micronesia (country),,90.83,92.24,1.4099999999999966,,,
North Korea,PRK,61.92,64.18,2.260000000000005,,East Asia & Pacific,Low income
Russia,RUS,49.56,50.84,1.2800000000000011,7731.394419642857,Europe & Central Asia,High income
Saint Kitts and Nevis,,42.31,42.31,0.0,,,
Saint Lucia,,44.36,53.84,9.480000000000004,,,
Saint Martin (French part),,24.8,24.8,0.0,,,
Saint Vincent and the Grenadines,,73.13,73.23,0.1000000000000085,,,
Sao Tome and Principe,,61.53,57.58,-3.950000000000003,,,
Slovakia,SVK,39.57,40.36,0.7899999999999991,12809.269867413035,Europe & Central Asia,High income
South Korea,KOR,67.12,64.34,-2.780000000000001,21725.38072235309,East Asia & Pacific,High income
Syria,SYR,2.44,2.85,0.4100000000000001,1269.9246549776192,Middle East & North Africa,Low income
Turkey,TUR,25.71,29.63,3.919999999999998,7708.054792175356,Europe & Central Asia,Upper middle income
United States Virgin Islands,,58.31,59.03,0.7199999999999989,,,
Venezuela,VEN,57.23,53.39,-3.839999999999996,5166.5139217085525,Latin America & Caribbean,Upper middle income
Western Sahara,,2.23,1.95,-0.28,,,
Yemen,YEM,1.04,1.04,0.0,891.2537980730376,Middle East & North Africa,Low income
