country,code,forest_1990,forest_2025,forest_change,mean_gdp,region,income_group,log_gdp,peer_residual,outlier_category
Afghanistan,AFG,1.85,1.85,0.0,415.4949455842083,South Asia,Low income,6.029470449562568,,geographic_excluded
Albania,ALB,28.79,34.34,5.550000000000004,3520.932338263668,Europe & Central Asia,Upper middle income,8.166481102345495,5.550000000000004,expected_positive
Algeria,DZA,0.72,0.71,-0.01,3545.5985429966904,Middle East & North Africa,Upper middle income,8.173462266180033,,geographic_excluded
American Samoa,ASM,90.35,79.25,-11.099999999999994,11575.37566019524,East Asia & Pacific,High income,9.356635332872314,-12.309999999999993,rich_deforester
Andorra,AND,37.64,38.77,1.1300000000000026,34124.77009588919,Europe & Central Asia,High income,10.437778795347766,-0.07999999999999652,expected_positive
Angola,AGO,62.19,50.74,-11.449999999999996,2301.9532897982067,Sub-Saharan Africa,Lower middle income,7.741513297937041,-8.619999999999997,expected_negative
Antigua and Barbuda,ATG,22.98,17.7,-5.280000000000001,14242.239885303634,Latin America & Caribbean,High income,9.563967467912622,-6.49,expected_negative
Argentina,ARG,20.46,17.03,-3.43,9017.220575484442,Latin America & Caribbean,Upper middle income,9.106891425381532,-3.43,expected_negative
Armenia,ARM,11.76,11.74,-0.0199999999999995,2613.001013826185,Europe & Central Asia,Upper middle income,7.86825465351372,-0.0199999999999995,expected_negative
Aruba,ABW,2.72,2.72,0.0,23517.494199517365,Latin America & Caribbean,High income,10.0654998572007,-1.209999999999999,expected_positive
Australia,AUS,17.5,17.36,-0.1400000000000005,40512.67342040289,East Asia & Pacific,High income,10.609370128104704,-1.3499999999999996,expected_negative
Austria,AUT,45.75,47.31,1.5600000000000025,39482.83486678306,Europe & Central Asia,High income,10.583621296105902,0.3500000000000034,expected_positive
Azerbaijan,AZE,11.43,14.68,3.25,3383.9422425160096,Europe & Central Asia,Upper middle income,8.12679665276604,3.25,expected_positive
Bahrain,BHR,1.73,5.53,3.8,19405.71003733748,Middle East & North Africa,High income,9.873322633565826,,geographic_excluded
Bangladesh,BGD,15.25,14.39,-0.8599999999999994,970.6325753948358,South Asia,Lower middle income,6.87794799852912,1.9699999999999989,expected_negative
Barbados,BRB,14.65,14.65,0.0,15793.474448481538,Latin America & Caribbean,High income,9.66735212411333,-1.209999999999999,expected_positive
Belarus,BLR,38.33,44.22,5.890000000000001,4310.261292576996,Europe & Central Asia,Upper middle income,8.36875380598803,5.890000000000001,expected_positive
Belgium,BEL,22.21,21.99,-0.2200000000000024,37312.70818412629,Europe & Central Asia,High income,10.527089249593464,-1.4300000000000015,expected_negative
Belize,BLZ,69.26,57.65,-11.610000000000008,5231.646676781307,Latin America & Caribbean,Upper middle income,8.562481359660467,-11.610000000000008,expected_negative
Benin,BEN,61.9,27.79,-34.11,819.3018099885973,Sub-Saharan Africa,Lower middle income,6.708452526334389,-31.28,expected_negative
Bermuda,BMU,14.44,14.44,0.0,82137.9008174466,North America,High income,11.316154831029207,-1.209999999999999,expected_positive
Bhutan,BTN,65.72,70.13,4.409999999999997,1840.3187385824024,South Asia,Lower middle income,7.5176940630913185,7.239999999999995,poor_reforester
Bolivia,BOL,57.02,50.19,-6.830000000000005,2052.139966624646,Latin America & Caribbean,Lower middle income,7.626638413820539,-4.000000000000007,expected_negative
Bosnia and Herzegovina,BIH,43.16,42.23,-0.9299999999999996,3669.969416501449,Europe & Central Asia,Upper middle income,8.20793860763554,-0.9299999999999996,expected_negative
Botswana,BWA,27.75,27.76,0.0100000000000015,5220.709078622016,Sub-Saharan Africa,Upper middle income,8.560388510467906,0.0100000000000015,expected_positive
Brazil,BRA,73.99,58.16,-15.829999999999998,6915.845182242137,Latin America & Caribbean,Upper middle income,8.841570461104697,-15.829999999999998,expected_negative
Bulgaria,BGR,30.65,36.47,5.82,5959.728481704972,Europe & Central Asia,High income,8.692780202260744,4.610000000000001,expected_positive
Burkina Faso,BFA,30.33,11.83,-18.5,529.0799690178129,Sub-Saharan Africa,Low income,6.27113959059924,-14.120000000000001,expected_negative
Burundi,BDI,10.77,10.89,0.120000000000001,194.79189618328263,Sub-Saharan Africa,Low income,5.271931789641267,4.5,expected_positive
Cambodia,KHM,62.34,35.88,-26.46,1005.8089608511212,East Asia & Pacific,Lower middle income,6.913547432876068,-23.630000000000003,expected_negative
Cameroon,CMR,47.6,40.5,-7.100000000000001,1245.4998222955223,Sub-Saharan Africa,Lower middle income,7.1272921920250045,-4.270000000000003,expected_negative
Canada,CAN,41.05,41.97,0.9200000000000016,36996.58824321332,North America,High income,10.518580977731908,-0.2899999999999975,expected_positive
Cayman Islands,CYM,54.71,53.0,-1.7100000000000009,82972.18096995173,Latin America & Caribbean,High income,11.326260661560314,-2.92,expected_negative
Central African Republic,CAF,74.54,72.39,-2.1500000000000057,388.6691071093741,Sub-Saharan Africa,Low income,5.962728357234727,2.2299999999999933,expected_negative
Chad,TCD,5.34,2.87,-2.47,690.7563615643833,Sub-Saharan Africa,Low income,6.537787173409157,1.9099999999999988,expected_negative
Chile,CHL,22.61,24.43,1.8200000000000005,9679.102452706778,Latin America & Caribbean,High income,9.177724454143876,0.6100000000000014,expected_positive
China,CHN,16.74,24.2,7.460000000000001,4744.225623112354,East Asia & Pacific,Upper middle income,8.46468349922462,7.460000000000001,expected_positive
Colombia,COL,58.68,53.59,-5.089999999999996,4594.981419858527,Latin America & Caribbean,Upper middle income,8.432719991225252,-5.089999999999996,expected_negative
Comoros,COM,25.34,17.93,-7.41,1172.7808523201154,Sub-Saharan Africa,Lower middle income,7.067133004532631,-4.580000000000002,expected_negative
Costa Rica,CRI,54.03,58.55,4.519999999999996,7585.707172831048,Latin America & Caribbean,Upper middle income,8.934021120506054,4.519999999999996,expected_positive
Croatia,HRV,33.06,34.78,1.7199999999999989,10914.440966696484,Europe & Central Asia,High income,9.29784205069545,0.5099999999999998,expected_positive
Cuba,CUB,22.27,34.9,12.63,4715.376493575064,Latin America & Caribbean,Upper middle income,8.458584042054689,12.63,expected_positive
Cyprus,CYP,17.44,18.58,1.139999999999997,23332.10164620536,Europe & Central Asia,High income,10.057585444378926,-0.07000000000000206,expected_positive
Czechia,CZE,36.79,38.46,1.6700000000000017,15242.391369532968,Europe & Central Asia,High income,9.63183573094227,0.46000000000000263,expected_positive
Denmark,DNK,13.29,16.06,2.77,48611.14523447357,Europe & Central Asia,High income,10.791608109409657,1.560000000000001,expected_positive
Djibouti,DJI,0.24,0.26,0.02,1530.7868088605503,Middle East & North Africa,Lower middle income,7.333537136360349,,geographic_excluded
Dominica,DMA,78.44,76.47,-1.9699999999999989,6490.748678640926,Latin America & Caribbean,Upper middle income,8.778133161849277,-1.9699999999999989,expected_negative
Dominican Republic,DOM,44.24,46.84,2.6000000000000014,4870.810433520847,Latin America & Caribbean,Upper middle income,8.491015615685425,2.6000000000000014,expected_positive
Ecuador,ECU,58.92,49.57,-9.35,3913.2328352808186,Latin America & Caribbean,Upper middle income,8.272119123450866,-9.35,expected_negative
El Salvador,SLV,35.5,33.05,-2.450000000000003,2874.5199850280446,Latin America & Caribbean,Upper middle income,7.963640977562414,-2.450000000000003,expected_negative
Equatorial Guinea,GNQ,96.23,85.8,-10.430000000000009,6672.049668259525,Sub-Saharan Africa,Upper middle income,8.805682388294375,-10.430000000000009,expected_negative
Eritrea,ERI,13.64,11.91,-1.7300000000000004,390.075456746517,Sub-Saharan Africa,Low income,5.966340199246299,2.6499999999999986,expected_negative
Estonia,EST,51.62,57.26,5.640000000000001,14474.139315187216,Europe & Central Asia,High income,9.58011884058268,4.4300000000000015,expected_positive
Eswatini,SWZ,28.23,25.18,-3.0500000000000007,2754.0740364933927,Sub-Saharan Africa,Lower middle income,7.920836562185564,-0.22000000000000242,expected_negative
Ethiopia,ETH,25.29,23.7,-1.59,403.1764551864945,Sub-Saharan Africa,Low income,5.999374320177346,2.789999999999999,expected_negative
Faroe Islands,FRO,0.06,0.06,0.0,42245.63525034731,Europe & Central Asia,High income,10.651256319764626,,geographic_excluded
Fiji,FJI,51.43,62.21,10.78,3664.982360288824,East Asia & Pacific,Upper middle income,8.206578801291114,10.78,expected_positive
Finland,FIN,71.97,74.17,2.200000000000003,38663.30890919823,Europe & Central Asia,High income,10.562646339094488,0.9900000000000038,expected_positive
France,FRA,26.36,32.5,6.140000000000001,34041.32883538108,Europe & Central Asia,High income,10.435330619392497,4.9300000000000015,expected_positive
French Polynesia,PYF,41.61,43.06,1.4500000000000028,19916.51721935261,East Asia & Pacific,High income,9.899304677466665,0.24000000000000377,expected_positive
Gabon,GAB,92.27,91.42,-0.8499999999999943,6502.435745171399,Sub-Saharan Africa,Upper middle income,8.779932115716337,-0.8499999999999943,expected_negative
Georgia,GEO,43.61,44.62,1.009999999999998,2937.012610092142,Europe & Central Asia,Upper middle income,7.985148224717541,1.009999999999998,expected_positive
Germany,DEU,32.34,32.86,0.519999999999996,37995.62363081975,Europe & Central Asia,High income,10.545226264466216,-0.690000000000003,expected_positive
Ghana,GHA,25.52,31.01,5.490000000000002,1151.3982847116768,Sub-Saharan Africa,Lower middle income,7.048732382499134,8.32,poor_reforester
Greece,GRC,28.77,36.95,8.180000000000003,18507.71220788974,Europe & Central Asia,High income,9.825942800299863,6.970000000000004,expected_positive
Greenland,GRL,0.0,0.0,0.0,35956.47140514761,Europe & Central Asia,High income,10.49006435821886,,geographic_excluded
Grenada,GRD,52.06,52.06,0.0,6585.003407916524,Latin America & Caribbean,Upper middle income,8.792550131704434,0.0,expected_positive
Guam,GUM,44.44,52.35,7.910000000000004,31427.982330473384,East Asia & Pacific,High income,10.355453932073122,6.700000000000005,expected_positive
Guatemala,GTM,45.28,32.99,-12.29,2800.6267237988905,Latin America & Caribbean,Upper middle income,7.937598501045289,-12.29,expected_negative
Guinea,GIN,29.31,19.77,-9.54,771.2862134998155,Sub-Saharan Africa,Lower middle income,6.648059528412015,-6.710000000000001,expected_negative
Guinea-Bissau,GNB,80.28,74.67,-5.609999999999999,627.8012860942139,Sub-Saharan Africa,Low income,6.44222369297889,-1.2300000000000004,expected_negative
Guyana,GUY,94.5,93.36,-1.1400000000000006,4831.53513567827,Latin America & Caribbean,High income,8.482919529622022,-2.3499999999999996,expected_negative
Haiti,HTI,13.4,13.5,0.0999999999999996,997.5001049735076,Latin America & Caribbean,Lower middle income,6.9052522540006125,2.929999999999998,expected_positive
Honduras,HND,68.32,52.38,-15.93999999999999,1681.6355650462046,Latin America & Caribbean,Lower middle income,7.4275221494269905,-13.109999999999992,expected_negative
Hungary,HUN,19.88,22.87,2.990000000000002,10988.32146829356,Europe & Central Asia,High income,9.3045883030935,1.780000000000003,expected_positive
Iceland,ISL,0.18,0.61,0.43,48606.48025109835,Europe & Central Asia,High income,10.791512139499764,,geographic_excluded
India,IND,21.5,24.46,2.960000000000001,1114.969497147248,South Asia,Lower middle income,7.0165823267014025,5.789999999999999,expected_positive
Indonesia,IDN,61.47,50.71,-10.759999999999998,2283.58424485882,East Asia & Pacific,Upper middle income,7.733501524810226,-10.759999999999998,expected_negative
Iraq,IRQ,1.85,1.6,-0.25,3414.6536571799274,Middle East & North Africa,Upper middle income,8.135831348759217,,geographic_excluded
Ireland,IRL,6.7,12.09,5.39,50934.20066999654,Europe & Central Asia,High income,10.838289895762646,4.180000000000001,expected_positive
Isle of Man,IMN,6.37,6.44,0.0700000000000002,49641.98746789473,Europe & Central Asia,High income,10.812592276145882,-1.1399999999999988,expected_positive
Italy,ITA,25.67,31.86,6.189999999999998,29905.562869719237,Europe & Central Asia,High income,10.305799791228267,4.979999999999999,expected_positive
Jamaica,JAM,48.13,56.91,8.779999999999994,4359.559179894821,Latin America & Caribbean,Upper middle income,8.380126225702861,8.779999999999994,expected_positive
Japan,JPN,68.45,68.33,-0.1200000000000045,37670.55180504389,East Asia & Pacific,High income,10.536633948973911,-1.3300000000000036,expected_negative
Jordan,JOR,0.8,0.8,0.0,2804.2547853247547,Middle East & North Africa,Lower middle income,7.938893108978278,,geographic_excluded
Kazakhstan,KAZ,1.17,1.3,0.1300000000000001,6086.22570676874,Europe & Central Asia,Upper middle income,8.713783415994797,,geographic_excluded
Kenya,KEN,6.57,6.88,0.3099999999999996,997.1310505656222,Sub-Saharan Africa,Lower middle income,6.904882206224038,3.139999999999998,expected_positive
Kiribati,KIR,1.32,1.32,0.0,1338.5449635233656,East Asia & Pacific,Lower middle income,7.199338454867889,,geographic_excluded
Kuwait,KWT,0.19,0.35,0.1599999999999999,29030.26017045848,Middle East & North Africa,High income,10.276094019102471,,geographic_excluded
Latvia,LVA,50.99,55.71,4.719999999999999,11354.424856133848,Europe & Central Asia,High income,9.337362802101747,3.51,expected_positive
Lebanon,LBN,13.48,13.81,0.33,5120.612187007364,Middle East & North Africa,Lower middle income,8.541029278660773,3.1599999999999984,expected_positive
Lesotho,LSO,1.14,1.14,0.0,793.3575202838283,Sub-Saharan Africa,Lower middle income,6.676273965285393,,geographic_excluded
Liberia,LBR,83.15,65.68,-17.47,419.9930190941393,Sub-Saharan Africa,Low income,6.04023808993485,-13.09,expected_negative
Libya,LBY,0.12,0.12,0.0,7830.288840359351,Middle East & North Africa,Upper middle income,8.965754677239252,,geographic_excluded
Liechtenstein,LIE,32.5,37.38,4.880000000000003,121047.82323205454,Europe & Central Asia,High income,11.703940979817526,3.6700000000000035,expected_positive
Lithuania,LTU,31.07,35.4,4.329999999999998,12564.93997494961,Europe & Central Asia,High income,9.438665672803497,3.119999999999999,expected_positive
Luxembourg,LUX,33.33,34.45,1.1200000000000043,86444.68495942505,Europe & Central Asia,High income,11.367260008127412,-0.08999999999999475,expected_positive
Madagascar,MDG,23.51,17.05,-6.460000000000001,393.8627456319781,Sub-Saharan Africa,Low income,5.97600248726587,-2.080000000000002,expected_negative
Malawi,MWI,37.14,21.55,-15.59,441.95302814148977,Sub-Saharan Africa,Low income,6.091203605257417,-11.21,expected_negative
Malaysia,MYS,62.76,57.48,-5.280000000000001,7154.3279738948095,East Asia & Pacific,Upper middle income,8.875472763595464,-5.280000000000001,expected_negative
Maldives,MDV,12.4,12.4,0.0,5915.620820779915,South Asia,Upper middle income,8.685351727926003,0.0,expected_positive
Mali,MLI,11.47,8.59,-2.880000000000001,656.4774103891854,Sub-Saharan Africa,Low income,6.486888283994993,1.4999999999999982,expected_negative
Malta,MLT,1.09,1.47,0.3799999999999999,20140.250807348933,Middle East & North Africa,High income,9.910475619390096,,geographic_excluded
Marshall Islands,MHL,52.22,53.94,1.7199999999999989,3451.6617759232035,East Asia & Pacific,Upper middle income,8.146611068238274,1.7199999999999989,expected_positive
Mauritania,MRT,0.9,0.99,0.0899999999999999,1326.8883150275333,Sub-Saharan Africa,Lower middle income,7.190591867284257,,geographic_excluded
Mauritius,MUS,20.57,19.17,-1.3999999999999986,6914.506743506396,Sub-Saharan Africa,Upper middle income,8.841376910174525,-1.3999999999999986,expected_negative
Mexico,MEX,36.94,34.09,-2.8499999999999943,8505.107037457068,Latin America & Caribbean,Upper middle income,9.048422089989694,-2.8499999999999943,expected_negative
Moldova,MDA,9.89,11.26,1.3699999999999992,2299.1275267656274,Europe & Central Asia,Upper middle income,7.740284993762211,1.3699999999999992,expected_positive
Monaco,MCO,0.0,0.0,0.0,147579.45778102003,Europe & Central Asia,High income,11.90212200653744,,geographic_excluded
Mongolia,MNG,9.21,9.1,-0.1100000000000012,2343.1417703517027,East Asia & Pacific,Upper middle income,7.759247944723225,-0.1100000000000012,expected_negative
Montenegro,MNE,46.54,61.49,14.950000000000005,6068.4997069845485,Europe & Central Asia,Upper middle income,8.710866688261756,14.950000000000005,expected_positive
Morocco,MAR,12.77,12.76,-0.0099999999999997,2517.7336600167428,Middle East & North Africa,Lower middle income,7.831114434592287,2.8199999999999985,expected_negative
Mozambique,MOZ,52.89,41.0,-11.89,443.9559043033684,Sub-Saharan Africa,Low income,6.095725242868147,-7.510000000000002,expected_negative
Myanmar,MMR,60.09,41.51,-18.580000000000005,662.1565982939053,East Asia & Pacific,Lower middle income,6.495502081276741,-15.750000000000007,expected_negative
Namibia,NAM,10.65,9.77,-0.8800000000000008,3677.5621489421846,Sub-Saharan Africa,Upper middle income,8.210005352113129,-0.8800000000000008,expected_negative
Nauru,NRU,0.0,0.0,0.0,6362.112109652163,East Asia & Pacific,High income,8.758115693916192,,geographic_excluded
Nepal,NPL,40.1,43.71,3.61,591.6236959503227,South Asia,Lower middle income,6.382870784041135,6.439999999999998,expected_positive
Netherlands,NLD,10.26,10.97,0.7100000000000009,42345.64734653008,Europe & Central Asia,High income,10.653620916676092,-0.4999999999999982,expected_positive
New Caledonia,NCL,45.47,48.83,3.3599999999999994,26324.314276707977,East Asia & Pacific,High income,10.178248288294744,2.1500000000000004,expected_positive
New Zealand,NZL,35.59,39.13,3.539999999999999,29572.781344111845,East Asia & Pacific,High income,10.294609668082028,2.33,expected_positive
Nicaragua,NIC,58.99,39.73,-19.260000000000005,1425.48526894231,Latin America & Caribbean,Lower middle income,7.262267574340937,-16.430000000000007,expected_negative
Niger,NER,1.54,0.83,-0.7100000000000001,414.5166463790376,Sub-Saharan Africa,Low income,6.027113133911384,,geographic_excluded
Nigeria,NGA,23.68,18.81,-4.870000000000001,1677.976443244425,Sub-Saharan Africa,Lower middle income,7.425343848337683,-2.0400000000000027,expected_negative
North Macedonia,MKD,36.16,40.69,4.530000000000001,4225.644119737552,Europe & Central Asia,Upper middle income,8.348926982547038,4.530000000000001,expected_positive
Northern Mariana Islands,MNP,44.17,52.96,8.79,18842.01161701951,East Asia & Pacific,High income,9.843844316157597,7.58,expected_positive
Norway,NOR,33.54,33.24,-0.2999999999999971,65035.73704743413,Europe & Central Asia,High income,11.082692198522484,-1.5099999999999962,expected_negative
Oman,OMN,0.01,0.01,0.0,15350.12850479662,Middle East & North Africa,High income,9.63887912462829,,geographic_excluded
Pakistan,PAK,4.49,4.14,-0.3500000000000005,925.1711863189944,South Asia,Lower middle income,6.829978786680576,2.4799999999999978,expected_negative
Palau,PLW,82.93,91.02,8.08999999999999,10600.60432662726,East Asia & Pacific,High income,9.268666290421008,6.87999999999999,expected_positive
Panama,PAN,66.81,62.21,-4.600000000000001,8642.008986696623,Latin America & Caribbean,High income,9.064390356377547,-5.8100000000000005,expected_negative
Papua New Guinea,PNG,76.44,75.14,-1.2999999999999972,1647.8117029451314,East Asia & Pacific,Lower middle income,7.40720344601984,1.5300000000000011,expected_negative
Paraguay,PRY,64.85,36.1,-28.75,3753.98560206912,Latin America & Caribbean,Upper middle income,8.230573381781912,-28.75,expected_negative
Peru,PER,60.19,52.47,-7.719999999999999,4210.684776404221,Latin America & Caribbean,Upper middle income,8.345380568177424,-7.719999999999999,expected_negative
Philippines,PHL,26.09,24.95,-1.1400000000000006,2002.2182111727031,East Asia & Pacific,Lower middle income,7.602010950525231,1.6899999999999977,expected_negative
Poland,POL,29.02,31.02,2.0,10080.325450916314,Europe & Central Asia,High income,9.218340827901406,0.7900000000000009,expected_positive
Portugal,PRT,37.54,36.71,-0.8299999999999983,18092.67230356933,Europe & Central Asia,High income,9.803262290175343,-2.0399999999999974,expected_negative
Puerto Rico,PRI,34.25,49.16,14.909999999999997,22665.103199446687,Latin America & Caribbean,High income,10.028581716616149,13.699999999999998,expected_positive
Qatar,QAT,0.12,0.12,0.0,52461.09703846829,Middle East & North Africa,High income,10.867827165105917,,geographic_excluded
Romania,ROU,27.69,30.24,2.549999999999997,7054.226815928309,Europe & Central Asia,High income,8.861382264507627,1.339999999999998,expected_positive
Rwanda,RWA,17.71,25.72,8.009999999999998,504.0674476910792,Sub-Saharan Africa,Low income,6.222710083901519,12.389999999999997,poor_reforester
Samoa,WSM,63.52,57.47,-6.050000000000004,2792.2696003292394,East Asia & Pacific,Lower middle income,7.934610020942987,-3.220000000000006,expected_negative
San Marino,SMR,16.67,16.67,0.0,51211.719495147045,Europe & Central Asia,High income,10.843723681224407,-1.209999999999999,expected_positive
Saudi Arabia,SAU,1.29,1.29,0.0,19660.58272522671,Middle East & North Africa,High income,9.886371033405675,,geographic_excluded
Senegal,SEN,47.75,44.92,-2.8299999999999983,1110.2714134624246,Sub-Saharan Africa,Lower middle income,7.012359781049876,0.0,expected_negative
Serbia,SRB,27.51,41.33,13.819999999999997,5843.238994408448,Europe & Central Asia,Upper middle income,8.673040544406367,13.819999999999997,expected_positive
Seychelles,SYC,74.2,57.65,-16.550000000000004,11649.644323688832,Sub-Saharan Africa,High income,9.363030928372329,-17.760000000000005,rich_deforester
Sierra Leone,SLE,43.32,33.75,-9.57,561.6440036032269,Sub-Saharan Africa,Low income,6.330868203636437,-5.190000000000001,expected_negative
Singapore,SGP,20.65,22.01,1.360000000000003,42583.48328915204,East Asia & Pacific,High income,10.659221740859008,0.1500000000000039,expected_positive
Sint Maarten (Dutch part),SXM,8.82,8.82,0.0,33181.23086598076,Latin America & Caribbean,High income,10.409739659680266,-1.209999999999999,expected_positive
Slovenia,SVN,59.0,61.76,2.759999999999998,18757.6027579995,Europe & Central Asia,High income,9.839354429640224,1.549999999999999,expected_positive
Solomon Islands,SLB,90.74,89.82,-0.9200000000000016,1484.6573184589793,East Asia & Pacific,Lower middle income,7.302939262626672,1.9099999999999966,expected_negative
Somalia,SOM,13.2,7.7,-5.499999999999999,366.407161967126,Sub-Saharan Africa,Low income,5.903745179462447,-1.12,expected_negative
South Africa,ZAF,16.34,18.86,2.52,5299.283175631321,Sub-Saharan Africa,Upper middle income,8.57532684051224,2.52,expected_positive
South Sudan,SSD,11.24,11.33,0.0899999999999998,1375.87731816094,Sub-Saharan Africa,Low income,7.22684685620518,4.469999999999999,expected_positive
Spain,ESP,27.83,38.29,10.46,24184.065510137232,Europe & Central Asia,High income,10.093449245277046,9.250000000000002,expected_positive
Sri Lanka,LKA,38.31,34.28,-4.030000000000001,2205.5380294002102,South Asia,Lower middle income,7.698726762379882,-1.2000000000000028,expected_negative
Sudan,SDN,15.03,11.77,-3.26,840.0392355782647,Sub-Saharan Africa,Low income,6.733448599768271,1.1199999999999992,expected_negative
Suriname,SUR,92.62,91.42,-1.2000000000000028,4556.18863989998,Latin America & Caribbean,Upper middle income,8.424241728428969,-1.2000000000000028,expected_negative
Sweden,SWE,68.9,68.59,-0.3100000000000023,44188.04362796879,Europe & Central Asia,High income,10.696209525317848,-1.5200000000000014,expected_negative
Switzerland,CHE,29.2,32.07,2.870000000000001,65779.39484576517,Europe & Central Asia,High income,11.094061920031608,1.660000000000002,expected_positive
Tajikistan,TJK,2.94,3.06,0.1200000000000001,589.0816072613007,Europe & Central Asia,Lower middle income,6.37856472628043,2.9499999999999984,expected_positive
Tanzania,TZA,65.66,49.0,-16.659999999999997,660.1296125139512,Sub-Saharan Africa,Lower middle income,6.492436198336829,-13.829999999999998,expected_negative
Thailand,THA,39.61,38.46,-1.1499999999999986,4225.611671675962,East Asia & Pacific,Upper middle income,8.348919303673652,-1.1499999999999986,expected_negative
Togo,TGO,23.87,22.51,-1.3599999999999994,658.2189797213525,Sub-Saharan Africa,Low income,6.489537671890142,3.0199999999999996,expected_negative
Tonga,TON,12.12,12.12,0.0,3054.657283381219,East Asia & Pacific,Upper middle income,8.024422683113528,0.0,expected_positive
Trinidad and Tobago,TTO,46.96,44.06,-2.8999999999999986,12562.440889946063,Latin America & Caribbean,High income,9.438466759512435,-4.109999999999998,expected_negative
Tunisia,TUN,4.15,4.43,0.2799999999999993,3142.092089357306,Middle East & North Africa,Lower middle income,8.05264412753861,3.1099999999999977,expected_positive
Turkmenistan,TKM,4.96,4.96,0.0,3258.755871266332,Europe & Central Asia,Upper middle income,8.089100766938865,0.0,expected_positive
Turks and Caicos Islands,TCA,11.07,11.07,0.0,27100.250203563803,Latin America & Caribbean,High income,10.207298239429004,-1.209999999999999,expected_positive
Tuvalu,TUV,34.33,34.33,0.0,2844.9694176788566,East Asia & Pacific,Upper middle income,7.95330759700489,0.0,expected_positive
Uganda,UGA,22.68,11.81,-10.87,540.2719126227385,Sub-Saharan Africa,Low income,6.292072554717603,-6.49,expected_negative
Ukraine,UKR,16.01,17.41,1.3999999999999986,2412.0237234933043,Europe & Central Asia,Upper middle income,7.788221393409529,1.3999999999999986,expected_positive
United Arab Emirates,ARE,4.43,4.57,0.1400000000000005,38315.65854496015,Middle East & North Africa,High income,10.553613930910725,-1.0699999999999985,expected_positive
United Kingdom,GBR,11.48,13.55,2.0700000000000003,36700.15879625829,Europe & Central Asia,High income,10.510536360906825,0.8600000000000012,expected_positive
United States,USA,33.06,33.77,0.7100000000000009,47077.17050204633,North America,High income,10.759543459781536,-0.4999999999999982,expected_positive
Uruguay,URY,5.02,11.56,6.540000000000001,11204.938408060514,Latin America & Caribbean,High income,9.324109889393547,5.330000000000002,expected_positive
Uzbekistan,UZB,5.79,8.84,3.05,1385.4404740240027,Europe & Central Asia,Lower middle income,7.233773399846334,5.879999999999998,expected_positive
Vanuatu,VUT,81.29,74.44,-6.8500000000000085,2275.5558349593134,East Asia & Pacific,Lower middle income,7.729979624602071,-4.02000000000001,expected_negative
Vietnam,VNM,29.91,47.19,17.279999999999998,1593.682662959924,East Asia & Pacific,Lower middle income,7.373802757322339,20.109999999999996,poor_reforester
Zambia,ZMB,63.78,60.36,-3.4200000000000017,934.587588219062,Sub-Saharan Africa,Lower middle income,6.840105349864705,-0.5900000000000034,expected_negative
Zimbabwe,ZWE,43.21,35.58,-7.630000000000003,1153.0358118115823,Sub-Saharan Africa,Lower middle income,7.050153579467188,-4.800000000000004,expected_negative
Bahamas,BHS,50.94,50.94,0.0,25364.75104199548,Latin America & Caribbean,High income,10.141115734931748,-1.209999999999999,expected_positive
Brunei,BRN,78.37,72.11,-6.260000000000005,29356.312431852235,East Asia & Pacific,High income,10.28726287647016,-7.470000000000004,rich_deforester
Cape Verde,CPV,8.31,12.67,4.359999999999999,2685.196260730336,Sub-Saharan Africa,Lower middle income,7.895509099515711,7.189999999999998,poor_reforester
Congo,COG,65.17,63.99,-1.1799999999999995,1907.696732255292,Sub-Saharan Africa,Lower middle income,7.553651894016218,1.6499999999999988,expected_negative
Democratic Republic of Congo,COD,70.81,61.4,-9.410000000000004,335.08061334651467,Sub-Saharan Africa,Low income,5.81437113973193,-5.030000000000005,expected_negative
East Timor,TLS,74.01,70.9,-3.1099999999999994,845.2255676472947,East Asia & Pacific,Lower middle income,6.739603535695269,-0.28000000000000114,expected_negative
Egypt,EGY,0.0,0.0,0.0,1998.2499212828773,Middle East & North Africa,Lower middle income,7.600027037113097,,geographic_excluded
Gambia,GMB,40.98,20.7,-20.28,645.3239110736133,Sub-Saharan Africa,Low income,6.469752378452752,-15.900000000000002,expected_negative
Iran,IRN,6.63,6.63,0.0,3779.252891584264,Middle East & North Africa,Upper middle income,8.237281621349716,0.0,expected_positive
Kyrgyzstan,KGZ,5.93,6.55,0.6200000000000001,864.572511628471,Europe & Central Asia,Lower middle income,6.76223517856188,3.4499999999999984,expected_positive
Laos,LAO,62.39,56.48,-5.910000000000004,1123.7687044856186,East Asia & Pacific,Lower middle income,7.024443230350863,-3.0800000000000054,expected_negative
Russia,RUS,49.56,50.84,1.2800000000000011,7731.394419642857,Europe & Central Asia,High income,8.95304451595247,0.07000000000000206,expected_positive
Slovakia,SVK,39.57,40.36,0.7899999999999991,12809.269867413035,Europe & Central Asia,High income,9.457924396186996,-0.41999999999999993,expected_positive
South Korea,KOR,67.12,64.34,-2.780000000000001,21725.38072235309,East Asia & Pacific,High income,9.986236474599282,-3.99,expected_negative
Syria,SYR,2.44,2.85,0.4100000000000001,1269.9246549776192,Middle East & North Africa,Low income,7.146712850903457,4.789999999999999,expected_positive
Turkey,TUR,25.71,29.63,3.919999999999998,7708.054792175356,Europe & Central Asia,Upper middle income,8.950021137990486,3.919999999999998,expected_positive
Venezuela,VEN,57.23,53.39,-3.839999999999996,5166.5139217085525,Latin America & Caribbean,Upper middle income,8.549953450261938,-3.839999999999996,expected_negative
Yemen,YEM,1.04,1.04,0.0,891.2537980730376,Middle East & North Africa,Low income,6.79262923323195,,geographic_excluded
