"","Production (1 000 ha)","Production (1 000 ha)","Production (1 000 ha)","Production (1 000 ha)","Production (1 000 ha)","Production (1 000 ha)","Protection of soil and water (1 000 ha)","Protection of soil and water (1 000 ha)","Protection of soil and water (1 000 ha)","Protection of soil and water (1 000 ha)","Protection of soil and water (1 000 ha)","Protection of soil and water (1 000 ha)","Conservation of biodiversity (1 000 ha)","Conservation of biodiversity (1 000 ha)","Conservation of biodiversity (1 000 ha)","Conservation of biodiversity (1 000 ha)","Conservation of biodiversity (1 000 ha)","Conservation of biodiversity (1 000 ha)","Social Services (1 000 ha)","Social Services (1 000 ha)","Social Services (1 000 ha)","Social Services (1 000 ha)","Social Services (1 000 ha)","Social Services (1 000 ha)","Multiple use (1 000 ha)","Multiple use (1 000 ha)","Multiple use (1 000 ha)","Multiple use (1 000 ha)","Multiple use (1 000 ha)","Multiple use (1 000 ha)","Other (specify in comments) (1 000 ha)","Other (specify in comments) (1 000 ha)","Other (specify in comments) (1 000 ha)","Other (specify in comments) (1 000 ha)","Other (specify in comments) (1 000 ha)","Other (specify in comments) (1 000 ha)","No designation (1 000 ha)","No designation (1 000 ha)","No designation (1 000 ha)","No designation (1 000 ha)","No designation (1 000 ha)","No designation (1 000 ha)","Unknown (1 000 ha)","Unknown (1 000 ha)","Unknown (1 000 ha)","Unknown (1 000 ha)","Unknown (1 000 ha)","Unknown (1 000 ha)","Total forest area (1 000 ha)","Total forest area (1 000 ha)","Total forest area (1 000 ha)","Total forest area (1 000 ha)","Total forest area (1 000 ha)","Total forest area (1 000 ha)"
"","1990","2000","2010","2015","2020","2025","1990","2000","2010","2015","2020","2025","1990","2000","2010","2015","2020","2025","1990","2000","2010","2015","2020","2025","1990","2000","2010","2015","2020","2025","1990","2000","2010","2015","2020","2025","1990","2000","2010","2015","2020","2025","1990","2000","2010","2015","2020","2025","1990","2000","2010","2015","2020","2025"
"Afghanistan","0.00","0.00","0.00","0.00","0.00","0.00","0.00","0.00","0.00","0.00","0.00","0.00","46.09","46.09","46.09","46.09","46.09","46.09","0.00","0.00","0.00","0.00","0.00","0.00","1163.35","1163.35","1163.35","1163.35","1163.35","1163.35","0.00","0.00","0.00","0.00","0.00","0.00","0.00","0.00","0.00","0.00","0.00","0.00","0.00","0.00","0.00","0.00","0.00","0.00","1209.44","1209.44","1209.44","1209.44","1209.44","1209.44"
"Albania","685.00","620.00","614.20","602.70","789.40","789.40","86.90","96.80","131.10","131.10","127.30","127.30","16.90","52.40","31.00","31.00","21.20","21.20","0.00","0.00","0.00","0.00","3.10","3.10","0.00","0.00","0.00","0.00","0.00","0.00","0.00","0.00","0.00","0.00","0.00","0.00","0.00","0.00","0.00","0.00","0.00","0.00","0.00","0.10","5.77","32.38","0.00","0.00","788.80","769.30","782.07","797.18","941.00","941.00"
"Algeria","638.00","633.70","631.00","629.65","623.74","622.39","956.99","950.55","946.50","944.48","935.60","933.59","117.17","121.17","121.17","121.17","131.05","131.05","2.80","2.80","2.80","2.80","4.34","4.33","0.00","0.00","0.00","0.00","0.00","0.00","0.00","0.00","0.00","0.00","0.00","0.00","0.00","0.00","0.00","0.00","0.00","0.00","0.00","0.00","0.00","0.00","0.00","0.00","1714.96","1708.22","1701.47","1698.10","1694.73","1691.36"
"American Samoa","0.00","0.00","0.00","0.00","0.00","0.00","0.00","0.00","0.00","0.00","0.00","0.00","0.06","0.05","0.04","0.02","0.02","0.02","0.00","0.00","0.00","0.00","0.00","0.00","3.07","3.07","2.52","2.52","2.52","2.52","0.00","0.00","0.00","0.00","0.00","0.00","0.00","0.00","0.00","0.00","0.00","0.00","14.94","14.61","13.63","13.31","13.31","13.31","18.07","17.73","16.19","15.85","15.85","15.85"
"Andorra","","","","0.50","0.54","0.54","","","","7.00","7.48","7.48","","","","6.70","6.75","6.75","","","","1.37","0.91","0.91","","","","","","","","","","","","","","","","","","","17.69","17.29","18.08","2.72","2.48","2.54","17.69","17.29","18.08","18.29","18.16","18.22"
"Angola","2924.40","2864.11","2652.16","2546.19","2440.22","2334.25","0.00","0.00","0.00","0.00","0.00","0.00","2336.80","2336.80","2336.80","7033.85","7033.85","7033.85","0.00","0.00","0.00","0.00","0.00","0.00","72272.09","70812.17","65923.82","58782.59","56338.41","53894.23","0.00","0.00","0.00","0.00","0.00","0.00","0.00","0.00","0.00","0.00","0.00","0.00","0.00","0.00","0.00","0.00","0.00","0.00","77533.29","76013.08","70912.78","68362.63","65812.48","63262.33"
"Anguilla","0.00","0.00","0.00","0.00","0.00","0.00","","","","","","","","","","","","","","","","","","","","","","","","","","","","","","","","","","","","","5.50","5.50","5.50","5.50","5.50","5.50","5.50","5.50","5.50","5.50","5.50","5.50"
"Antigua and Barbuda","","","","","","","","","","","","","","","","","","","","","","","","","","","","","","","","","","","","","","","","","","","10.11","9.45","8.78","8.45","8.12","7.79","10.11","9.45","8.78","8.45","8.12","7.79"
"Argentina","769.00","1080.00","1203.60","1710.54","1884.13","1930.68","","","","","","","1326.09","1396.46","1457.32","1553.08","1819.98","1821.17","","","","","","","","","369.77","1420.35","2532.69","2719.05","","","333.01","933.07","1722.39","1774.49","","","","","","","53894.53","50965.76","46363.75","42826.98","39536.40","38363.61","55989.62","53442.22","49727.45","48444.02","47495.59","46609.00"
"Armenia","0.00","0.00","0.00","0.00","0.00","0.00","205.70","205.00","133.00","145.00","150.00","180.00","0.00","0.00","0.00","0.00","0.00","0.00","71.60","70.40","0.00","0.00","0.00","0.00","0.00","0.00","0.00","0.00","0.00","0.00","57.40","57.20","130.40","140.00","152.00","154.10","0.00","0.00","0.00","0.00","0.00","0.00","0.03","0.04","68.89","49.20","32.02","0.00","334.73","332.64","332.29","334.20","334.02","334.10"
"Aruba","0.00","0.00","0.00","0.00","0.00","0.00","0.00","0.00","0.00","0.00","0.00","0.00","0.00","0.00","0.00","0.00","0.00","0.00","0.00","0.00","0.00","0.00","0.00","0.00","0.04","0.04","0.04","0.04","0.04","0.04","","","","","","","","","","","","","0.45","0.45","0.45","0.45","0.45","0.45","0.49","0.49","0.49","0.49","0.49","0.49"
"Ascension, Saint Helena and Tristan da Cunha","","","","","","","","","","","","","","","","","","","","","","","","","","","","","0.02","0.02","","","","","","","","","","","","","2.02","2.02","2.02","2.02","2.00","2.00","2.02","2.02","2.02","2.02","2.02","2.02"
"Australia","1022.90","1484.70","2008.90","1973.40","1774.67","1716.04","","","","","","","15091.35","17347.78","22806.04","21508.70","22001.97","22053.68","","","","","","","11485.45","9199.58","11058.03","9728.16","9948.77","9975.53","0.00","0.00","0.00","0.00","0.00","0.00","","","","","","","106974.95","104875.23","95298.17","99297.26","99565.72","99816.34","134574.65","132907.29","131171.14","132507.52","133291.13","133561.59"
"Austria","2621.07","2635.04","2308.26","2199.48","2207.47","2171.89","1119.11","1137.62","1411.04","1444.48","1449.74","1482.32","0.00","30.24","107.16","187.59","188.27","200.88","35.49","35.24","35.18","44.18","44.34","48.82","0.00","0.00","0.00","0.00","0.00","0.00","0.00","0.00","0.00","0.00","0.00","0.00","0.00","0.00","0.00","0.00","0.00","0.00","0.00","0.00","0.00","0.00","0.00","0.00","3775.67","3838.14","3861.64","3875.73","3889.82","3903.91"
"Azerbaijan","","","","","","","","","","","","","70.00","371.00","371.00","371.00","371.00","371.00","","","","","","","","","","","","","","","","","","","","","","","","","874.74","616.22","661.49","706.89","790.19","842.66","944.74","987.22","1032.49","1077.89","1161.19","1213.66"
"Bahamas","0.00","0.00","0.00","0.00","0.00","0.00","","","","","","","","","","","","","","","","","","","","","","","","","","","","","","","","","","","","","509.86","509.86","509.86","509.86","509.86","509.86","509.86","509.86","509.86","509.86","509.86","509.86"
"Bahrain","0.00","0.00","0.00","0.00","0.00","0.00","0.00","0.00","0.00","0.00","0.00","0.00","0.54","0.54","0.54","0.54","0.54","0.54","0.00","0.00","0.00","0.00","0.00","0.00","0.83","0.83","0.83","0.83","1.43","3.83","0.00","0.00","0.00","0.00","0.00","0.00","0.00","0.00","0.00","0.00","0.00","0.00","0.00","0.00","0.00","0.00","0.00","0.00","1.37","1.37","1.37","1.37","1.97","4.37"
"Bangladesh","","","","79.99","79.99","79.99","","","","","","","66.89","73.57","261.20","265.42","456.00","457.00","","","","","","","","","","","","","","","","","","","0.00","0.00","0.00","0.00","0.00","0.00","1918.42","1846.76","1627.04","1537.89","1342.37","1336.43","1985.31","1920.33","1888.24","1883.30","1878.36","1873.42"
"Barbados","","","","","","","","","","","","","","","0.30","0.30","0.30","0.30","","","","","","","","","","","","","","","","","","","","","","","","","6.30","6.30","6.00","6.00","6.00","6.00","6.30","6.30","6.30","6.30","6.30","6.30"
"Belarus","4498.00","4183.00","4317.00","4294.00","4376.00","4376.00","622.00","1244.00","1257.00","1343.00","1430.00","1430.00","357.00","487.00","1094.00","1116.00","1364.00","1364.00","1234.00","1261.00","1542.00","1546.00","1290.00","1290.00","0.00","0.00","0.00","0.00","0.00","0.00","1069.00","1098.00","420.00","334.50","307.60","307.60","0.00","0.00","0.00","0.00","0.00","0.00","0.00","0.00","0.00","0.00","75.45","207.80","7780.00","8273.00","8630.00","8633.50","8843.05","8975.40"
"Belgium","0.00","0.00","0.00","0.00","0.00","0.00","0.00","0.00","0.00","0.00","0.00","0.00","0.00","0.00","0.00","12.40","13.34","13.34","0.00","0.00","0.00","0.00","0.00","0.00","677.40","667.30","681.20","676.90","657.18","657.18","0.00","0.00","0.00","0.00","0.00","0.00","0.00","0.00","0.00","0.00","0.00","0.00","0.00","0.00","8.67","0.00","0.00","0.00","677.40","667.30","689.87","689.30","670.52","670.52"
"Belize","","331.15","331.15","331.15","331.15","331.15","","","","","","","","410.54","425.00","431.45","426.08","426.08","","","","","","","","","","","","","","","","","","","","","","","","","1579.83","762.24","671.88","627.77","595.48","557.82","1579.83","1503.93","1428.03","1390.37","1352.71","1315.05"
"Benin","1417.54","1417.54","1417.54","1417.54","1417.54","1417.54","2.73","2.73","2.73","2.73","2.73","2.73","1263.00","1263.00","1263.00","1263.00","1263.00","1263.00","223.47","223.47","223.47","223.47","223.47","223.47","","","","","","","","","","","","","","","","","","","4073.38","2767.53","1357.48","600.35","413.44","226.53","6980.12","5674.27","4264.22","3507.09","3320.18","3133.27"
"Bermuda","","","","","","","","","","","","","","","","","","","0.03","0.03","0.03","0.03","0.03","0.03","","","","","","","","","","","","","","","","","","","0.75","0.75","0.75","0.75","0.75","0.75","0.78","0.78","0.78","0.78","0.78","0.78"
"Bhutan","46.99","140.64","235.05","273.34","368.03","539.92","0.00","0.00","0.00","0.00","0.00","0.00","1104.20","1104.20","1104.20","1104.20","1104.20","1116.51","0.00","0.00","0.00","0.00","0.00","0.00","1355.53","1361.16","1366.04","1337.64","1244.93","1018.31","0.00","0.00","0.00","0.00","0.00","0.00","0.00","0.00","0.00","0.00","0.00","0.00","0.00","0.00","0.00","0.00","0.00","0.00","2506.72","2606.00","2705.29","2715.18","2717.16","2674.74"
"Bolivia (Plurinational State of)","","28190.63","28190.63","28190.63","28190.63","28190.63","","","","","","","","10680.19","10680.19","10680.19","10680.19","10680.19","","","","","","","","","","","","","","","","","","","","","","","","","61774.24","20215.15","18628.93","17816.36","16698.25","15499.45","61774.24","59085.97","57499.75","56687.18","55569.07","54370.27"
"Bonaire, Sint Eustatius and Saba","","","","","","","","","","","","","0.32","0.32","0.32","0.32","0.32","0.32","","","","","","","","","","","","","","","","","","","","","","","","","3.89","3.89","3.89","3.89","3.89","3.89","4.21","4.21","4.21","4.21","4.21","4.21"
"Bosnia and Herzegovina","","","","","","","","","","","","","","","","","","","","","","","","","","","","","","","","","","","","","","","","","","","2210.00","2111.65","2102.66","2160.50","2156.88","2162.08","2210.00","2111.65","2102.66","2160.50","2156.88","2162.08"
"Botswana","0.00","0.00","0.00","0.00","0.00","0.00","0.00","0.00","0.00","0.00","0.00","0.00","0.00","0.00","0.00","0.00","0.00","0.00","0.00","0.00","0.00","0.00","0.00","0.00","15727.90","15727.90","15727.90","15727.90","15730.20","15730.20","0.00","0.00","0.00","0.00","0.00","0.00","0.00","0.00","0.00","0.00","0.00","0.00","0.00","0.00","0.00","0.00","0.00","0.00","15727.90","15727.90","15727.90","15727.90","15730.20","15730.20"
"Brazil","24122.63","28332.34","35642.45","38937.83","43463.86","44182.62","12875.32","12875.32","12875.32","12875.32","12875.32","12875.32","51554.98","47642.47","44806.56","39743.26","40870.67","37857.57","94916.56","111642.93","126592.31","140286.44","143318.67","153458.84","","","","","","","2476.52","2511.81","2531.87","2595.20","2567.15","2600.02","84179.72","75203.39","64566.15","65060.69","55589.82","52762.55","348317.53","282512.11","238072.78","216010.19","203681.39","182349.72","618443.26","560720.37","525087.44","515508.93","502366.88","486086.64"
"British Virgin Islands","","","","","","","0.03","0.03","0.03","0.03","0.03","0.03","0.00","0.00","0.00","0.00","0.00","0.00","","","","","","","0.18","0.26","0.26","0.26","0.26","0.26","","","","","","","","","","","","","9.79","9.70","9.69","9.68","9.68","9.68","10.00","9.99","9.98","9.97","9.97","9.97"
"Brunei Darussalam","138.03","138.03","138.03","138.03","138.03","138.03","18.56","18.56","18.56","18.56","18.56","18.56","28.51","28.51","28.51","28.51","28.51","28.51","50.42","50.42","50.81","50.81","50.81","50.81","0.00","0.00","0.00","0.00","0.00","0.00","0.00","0.00","0.00","0.00","0.00","0.00","0.00","0.00","0.00","0.00","0.00","0.00","177.48","161.48","144.09","144.09","144.09","144.09","413.00","397.00","380.00","380.00","380.00","380.00"
"Bulgaria","2365.00","2258.00","2387.00","1496.00","1317.00","1138.00","430.00","433.00","439.00","359.00","315.00","271.00","132.00","245.00","572.00","704.00","596.00","596.00","222.00","222.00","219.00","225.00","179.00","133.00","178.00","217.00","120.00","1049.00","1489.00","1821.00","0.00","0.00","0.00","0.00","0.00","0.00","0.00","0.00","0.00","0.00","0.00","0.00","0.00","0.00","0.00","0.00","0.00","0.00","3327.00","3375.00","3737.00","3833.00","3896.00","3959.00"
"Burkina Faso","254.33","244.36","234.39","229.41","224.42","219.44","0.00","0.00","0.00","0.00","0.00","0.00","564.21","546.32","528.44","519.49","510.55","501.61","0.43","0.41","0.39","0.38","0.37","0.36","7480.14","5586.88","4271.65","3686.29","3100.93","2515.56","0.00","0.00","0.00","0.00","0.00","0.00","0.00","0.00","0.00","0.00","0.00","0.00","0.00","0.00","0.00","0.00","0.00","0.00","8299.11","6377.97","5034.87","4435.57","3836.27","3236.97"
"Burundi","10.00","10.00","15.00","15.00","15.00","15.00","11.51","8.10","16.67","16.67","16.67","16.67","16.38","16.38","16.38","16.38","16.38","16.38","","","","","","","","","","","","","","","","","","","","","","","","","238.59","159.46","145.89","231.59","231.59","231.59","276.48","193.94","193.94","279.64","279.64","279.64"
"Cabo Verde","","","","21.82","21.82","21.82","","","","","","","","","","21.68","21.68","21.68","","","","","","","","","","","","","","","","","","","","","","","","","33.50","37.90","42.30","1.36","4.46","7.56","33.50","37.90","42.30","44.86","47.96","51.06"
"Cambodia","2244.00","2244.00","2244.00","2244.00","2244.00","2244.00","0.00","6.00","551.00","551.00","551.00","551.00","3311.36","3196.82","3082.28","3082.28","3082.28","3082.28","97.00","97.00","97.00","97.00","97.00","97.00","404.00","404.00","404.00","404.00","404.00","358.89","0.00","0.00","0.00","0.00","0.00","0.00","0.00","0.00","0.00","0.00","0.00","0.00","4948.43","4833.18","4210.95","2468.54","1498.56","0.00","11004.79","10781.00","10589.23","8846.82","7876.84","6333.17"
"Cameroon","","","8235.63","8299.54","9256.36","9256.36","","","","","","","","","6541.85","7636.03","8145.00","8145.00","","","","","","","","","","","","","","","","","","","","","","","","","22500.00","21597.49","6123.00","4684.91","2326.64","1741.86","22500.00","21597.49","20900.48","20620.48","19728.00","19143.22"
"Canada","135847.00","136191.00","138499.00","138170.00","138871.00","139433.00","15579.00","15734.00","15956.00","15986.00","16071.00","9682.00","20658.00","22339.00","25669.00","29829.00","31159.00","45822.00","15169.00","15222.00","15447.00","15566.00","15630.00","14575.00","119392.00","118908.00","118499.00","116859.00","115432.00","56227.00","971.00","971.00","985.00","1003.00","1005.00","64845.00","0.00","0.00","0.00","0.00","0.00","0.00","53161.29","50940.02","50376.10","50581.14","50699.93","38234.85","360777.29","360305.02","365431.10","367994.14","368867.93","368818.85"
"Cayman Islands","0.00","0.00","0.00","0.00","0.00","0.00","","","","","","","0.00","1.54","1.54","1.57","1.57","1.57","","","","","","","","","","","","","","","","","","","","","","","","","13.13","11.39","11.18","11.15","11.15","11.15","13.13","12.93","12.72","12.72","12.72","12.72"
"Central African Republic","4826.00","4826.00","4826.00","4826.00","4826.00","4826.00","0.00","0.00","0.00","0.00","0.00","0.00","568.50","568.50","568.50","568.50","568.50","568.50","0.00","0.00","0.00","0.00","0.00","0.00","41040.41","40690.49","40340.57","40165.61","39932.99","39700.37","0.00","0.00","0.00","0.00","0.00","0.00","0.00","0.00","0.00","0.00","0.00","0.00","0.00","0.00","0.00","0.00","0.00","0.00","46434.91","46084.99","45735.07","45560.11","45327.49","45094.87"
"Colombia","","","2028.02","3246.50","3425.07","3603.65","","","1143.29","1523.40","4157.45","6791.50","9092.80","9123.18","12019.87","12273.89","12577.63","12798.16","","","","","","","","","","","","","","","2363.82","1539.31","3984.21","4889.82","","","","","","","56010.00","53447.16","43876.74","42380.66","35978.92","31373.73","65102.80","62570.34","61431.74","60963.76","60123.28","59456.86"
"Comoros","7.41","3.41","1.31","0.76","0.76","0.76","0.00","0.00","0.00","0.00","0.00","0.00","0.00","0.00","0.00","0.00","0.00","0.00","0.00","0.00","0.00","0.00","0.00","0.00","39.75","39.37","35.99","34.35","32.11","32.61","0.00","0.00","0.00","0.00","0.00","0.00","0.00","0.00","0.00","0.00","0.00","0.00","0.00","0.00","0.00","0.00","0.00","0.00","47.16","42.78","37.30","34.56","32.87","33.37"
"Congo","19833.84","19892.00","13834.72","14813.99","14755.10","14755.10","0.00","0.00","0.00","0.00","1121.00","1121.00","1889.48","2228.69","2288.19","2703.64","3218.66","3218.66","0.00","0.00","0.00","0.00","745.00","745.00","531.68","14.31","5792.09","4395.67","1944.04","2014.04","0.00","0.00","0.00","0.00","0.00","0.00","0.00","0.00","0.00","0.00","0.00","0.00","0.00","0.00","100.00","0.00","0.00","0.00","22255.00","22135.00","22015.00","21913.30","21783.80","21853.80"
"Cook Islands","0.00","0.00","0.00","0.00","0.00","0.00","0.51","1.17","1.19","1.19","1.19","1.19","0.00","0.00","0.00","0.00","0.00","0.00","0.00","0.00","0.00","0.00","0.00","0.00","14.40","14.40","14.40","14.40","14.40","14.40","0.00","0.00","0.00","0.00","0.00","0.00","0.00","0.00","0.00","0.00","0.00","0.00","0.00","0.00","0.00","0.00","0.00","0.00","14.91","15.57","15.59","15.59","15.59","15.59"
"Costa Rica","","","","","59.73","59.73","","","","","127.74","127.74","","","","","670.45","670.45","","","","","0.19","0.19","","","","","324.33","324.33","","","","","","","","","","","","","2758.74","2849.05","2880.75","2954.46","1789.61","1807.20","2758.74","2849.05","2880.75","2954.46","2972.05","2989.64"
"Côte d'Ivoire","2129.74","1585.64","1091.85","844.95","621.76","621.76","0.00","0.00","0.00","0.00","0.00","0.00","1406.68","1390.21","1345.86","1323.69","706.20","706.20","0.00","0.00","0.00","0.00","0.00","0.00","4314.44","2118.60","1527.87","1232.51","2850.28","2446.17","0.00","0.00","0.00","0.00","0.00","0.00","","","","","0.00","0.00","446.24","1068.17","1032.23","1047.37","0.00","0.00","8297.10","6162.62","4997.81","4448.52","4178.24","3774.13"
"Croatia","1624.00","1602.00","1581.00","1548.00","1334.90","1299.78","53.00","68.00","82.00","73.00","243.78","243.78","25.00","39.00","54.00","54.00","55.20","62.75","10.00","24.00","38.00","45.00","27.38","33.17","138.00","152.00","165.00","202.00","278.34","306.72","0.00","0.00","0.00","0.00","0.00","0.00","0.00","0.00","0.00","0.00","0.00","0.00","0.00","0.00","0.00","0.00","0.00","0.00","1850.00","1885.00","1920.00","1922.00","1939.60","1946.20"
"Cuba","694.15","810.34","963.57","1056.53","1084.28","1063.34","1166.15","1361.35","1618.76","1774.95","1821.56","1865.42","443.41","517.63","615.51","674.90","692.64","680.38","8.29","9.68","11.51","12.62","12.95","13.24","0.00","0.00","0.00","0.00","0.00","0.00","0.00","0.00","0.00","0.00","0.00","0.00","0.00","0.00","0.00","0.00","0.00","0.00","0.00","0.00","0.00","0.00","0.00","0.00","2312.00","2699.00","3209.35","3519.00","3611.43","3622.38"
"Curaçao","","","","","","","","","","","","","","","","","","","","","","","","","","","","","","","","","","","","","","","","","","","0.07","0.07","0.07","0.07","0.07","0.07","0.07","0.07","0.07","0.07","0.07","0.07"
"Cyprus","43.22","43.17","41.40","41.12","41.12","41.12","","","","","","","0.76","3.39","3.39","3.39","3.39","3.39","2.30","10.58","13.49","13.49","13.96","13.96","59.51","48.66","48.82","49.19","55.63","55.63","","","","","","","","","","","","","55.32","65.81","65.74","65.52","58.44","57.60","161.11","171.61","172.84","172.71","172.54","171.70"
"Czechia","1548.74","1932.45","1942.38","1951.08","1944.57","1974.64","81.84","225.28","226.44","227.45","223.14","226.59","8.05","222.94","224.09","225.09","224.12","227.59","944.15","143.33","144.06","144.71","140.70","142.88","0.00","60.61","60.92","61.19","63.85","64.84","0.00","0.00","0.00","0.00","0.00","0.00","256.70","280.68","282.13","283.39","326.78","331.83","0.00","0.00","0.00","0.00","0.00","0.00","2839.48","2865.28","2880.01","2892.91","2923.16","2968.36"
"Democratic People's Republic of Korea","6523.50","6523.50","6612.91","6662.58","6712.26","6761.94","0.00","0.00","0.00","0.00","0.00","0.00","931.93","931.93","944.70","951.80","958.89","965.99","0.00","0.00","0.00","0.00","0.00","0.00","0.00","0.00","0.00","0.00","0.00","0.00","0.00","0.00","0.00","0.00","0.00","0.00","0.00","0.00","0.00","0.00","0.00","0.00","0.00","0.00","0.00","0.00","0.00","0.00","7455.43","7455.43","7557.61","7614.38","7671.15","7727.93"
"Democratic Republic of the Congo","25691.67","25691.67","13691.67","15131.02","11364.89","11364.89","0.00","0.00","0.00","0.00","0.00","0.00","","27000.00","25800.00","26431.00","27372.00","27372.00","","","","0.01","0.01","0.01","","","","0.00","253.11","3343.28","","","","","","","","","107548.77","100455.94","101613.51","97108.88","134848.51","101098.64","0.00","0.00","0.00","0.00","160540.18","153790.31","147040.44","142017.96","140603.51","139189.05"
"Denmark","417.32","453.53","470.41","502.17","504.25","521.88","0.00","0.00","0.00","0.00","0.00","0.00","0.37","18.41","21.35","21.37","31.91","75.70","0.00","0.00","0.00","0.00","0.00","0.00","113.75","99.66","94.73","101.14","92.28","44.98","0.00","0.00","0.00","0.00","0.00","0.00","0.00","0.00","0.00","0.00","0.00","0.00","0.00","0.00","0.00","0.00","4.27","0.00","531.44","571.60","586.34","624.26","632.71","642.56"
"Djibouti","0.00","0.00","0.00","0.00","0.00","0.00","0.00","0.00","0.00","0.00","0.00","0.00","0.00","0.00","0.00","0.00","0.00","0.00","0.00","0.00","0.00","0.00","0.00","0.00","5.60","5.60","5.60","5.65","5.88","5.93","0.00","0.00","0.00","0.00","0.00","0.00","0.00","0.00","0.00","0.00","0.00","0.00","0.00","0.00","0.00","0.00","0.00","0.00","5.60","5.60","5.60","5.65","5.88","5.93"
"Dominica","5.88","5.88","5.88","5.88","5.88","5.88","0.00","0.00","0.00","0.00","0.00","0.00","0.00","0.00","0.00","0.00","0.00","0.00","0.00","0.00","0.00","0.00","0.00","0.00","52.95","52.67","52.48","51.92","51.69","51.47","0.00","0.00","0.00","0.00","0.00","0.00","0.00","0.00","0.00","0.00","0.00","0.00","0.00","0.00","0.00","0.00","0.00","0.00","58.83","58.55","58.36","57.80","57.57","57.35"
"Dominican Republic","","","","","","","","","","","","","","","","","","","","","","","","","","","","","","","","","","","","","","","","","","","2132.15","2165.80","2186.28","2214.83","2224.35","2257.46","2132.15","2165.80","2186.28","2214.83","2224.35","2257.46"
"Ecuador","44.44","70.15","84.82","126.90","120.92","120.15","0.00","0.00","0.00","0.00","0.00","0.00","2565.52","3256.32","3825.36","4760.38","4886.52","4858.37","0.00","0.00","0.00","0.00","0.00","0.00","1938.95","2463.78","1703.64","2468.62","1837.81","1327.61","0.00","0.00","0.00","0.00","0.00","0.00","","","","","","","10083.30","7940.25","7414.55","5463.30","5615.84","6004.19","14632.21","13730.50","13028.37","12819.20","12461.09","12310.32"
"Egypt","0.00","0.00","0.00","0.00","0.00","0.00","0.00","0.00","0.00","0.00","0.00","0.00","0.53","0.53","0.70","0.70","0.70","0.70","0.00","0.00","0.00","0.00","0.00","0.00","3.38","3.38","3.38","3.38","3.38","4.06","0.00","0.00","0.00","0.00","0.00","0.00","0.00","0.00","0.00","0.00","0.00","0.00","0.00","0.00","0.00","0.00","0.00","0.00","3.91","3.91","4.08","4.08","4.08","4.11"
"El Salvador","5.76","7.04","8.32","8.58","8.73","8.88","","","","","","","","","18.39","18.39","18.39","18.39","","","","","","","","","","","","","","","","","","","","","","","","","729.75","698.77","649.40","649.52","653.54","657.57","735.51","705.81","676.11","676.49","680.66","684.84"
"Equatorial Guinea","141.00","853.00","838.85","828.53","520.86","500.00","24.12","24.12","24.12","24.12","24.12","24.12","0.00","516.89","516.89","516.89","516.89","516.89","","","","","","","0.00","866.00","866.00","866.00","866.00","866.00","","","","","","","","","","","","","2534.03","355.57","286.72","254.68","520.55","499.61","2699.15","2615.58","2532.58","2490.22","2448.42","2406.62"
"Eritrea","17.19","17.19","17.19","17.19","17.19","17.19","0.00","0.00","0.00","0.00","0.00","0.00","82.27","82.27","82.27","82.27","82.27","82.27","0.00","0.00","0.00","0.00","0.00","0.00","1551.85","1492.05","1432.26","1402.36","1372.46","1342.56","0.00","0.00","0.00","0.00","0.00","0.00","0.00","0.00","0.00","0.00","0.00","0.00","0.00","0.00","0.00","0.00","0.00","0.00","1651.31","1591.51","1531.72","1501.82","1471.92","1442.02"
"Estonia","1628.71","1741.85","1702.97","1777.09","1756.38","1612.14","153.29","256.04","136.38","113.88","116.04","94.20","126.90","137.00","260.21","310.52","392.80","517.28","0.00","0.00","0.00","0.00","0.00","0.00","297.00","104.00","236.46","219.52","178.65","242.61","0.00","0.00","0.00","0.00","0.00","0.00","0.00","0.00","0.00","0.00","0.00","0.00","0.00","0.00","0.00","0.41","0.00","0.00","2205.90","2238.89","2336.02","2421.42","2443.87","2466.23"
"Eswatini","155.03","150.21","131.50","122.48","137.50","137.50","0.10","0.10","0.21","0.21","0.25","0.25","45.90","67.30","68.20","72.90","80.10","80.10","5.40","6.20","7.00","8.30","8.50","8.50","279.14","246.76","248.66","244.18","214.22","206.72","0.00","0.00","0.00","0.00","0.00","0.00","0.00","0.00","0.00","0.00","0.00","0.00","0.00","0.00","0.00","0.00","0.00","0.00","485.57","470.57","455.57","448.07","440.57","433.07"
"Ethiopia","0.00","0.00","0.00","0.00","0.00","0.00","0.00","0.00","0.00","0.00","0.00","0.00","4736.00","4736.00","4736.00","4736.00","4736.00","4736.00","0.00","0.00","0.00","0.00","0.00","0.00","23801.50","23074.40","22345.40","22050.20","22030.70","22011.10","0.00","0.00","0.00","0.00","0.00","0.00","0.00","0.00","0.00","0.00","0.00","0.00","0.00","0.00","0.00","0.00","0.00","0.00","28537.50","27809.40","27081.40","26786.20","26766.70","26747.10"
"Falkland Islands (Malvinas)","0.00","0.00","0.00","0.00","0.00","0.00","0.00","0.00","0.00","0.00","0.00","0.00","0.00","0.00","0.00","0.00","0.00","0.00","0.00","0.00","0.00","0.00","0.00","0.00","0.00","0.00","0.00","0.00","0.00","0.00","0.00","0.00","0.00","0.00","0.00","0.00","0.00","0.00","0.00","0.00","0.00","0.00","0.00","0.00","0.00","0.00","0.00","0.00","0.00","0.00","0.00","0.00","0.00","0.00"
"Faroe Islands","0.00","0.00","0.00","0.00","0.00","0.00","0.00","0.00","0.00","0.00","0.00","0.00","0.00","0.00","0.00","0.00","0.00","0.00","0.00","0.00","0.00","0.00","0.00","0.00","0.08","0.08","0.08","0.08","0.08","0.08","0.00","0.00","0.00","0.00","0.00","0.00","0.00","0.00","0.00","0.00","0.00","0.00","0.00","0.00","0.00","0.00","0.00","0.00","0.08","0.08","0.08","0.08","0.08","0.08"
"Fiji","84.77","125.48","166.18","186.53","206.90","227.41","","","","","","","","","","","","","","","","","","","","","","","28.47","28.47","","","","","","","","","","","","","854.92","880.99","900.93","903.75","878.07","880.72","939.69","1006.47","1067.11","1090.28","1113.44","1136.60"
"Finland","20640.13","19100.44","18961.50","18591.70","18601.90","18586.80","0.00","0.00","0.00","0.00","0.00","0.00","1235.20","2692.70","2970.40","3117.00","3255.00","3306.00","0.00","0.00","0.00","345.00","345.00","345.00","0.00","0.00","0.00","0.00","0.00","0.00","0.00","652.00","310.10","355.30","341.10","327.90","0.00","0.00","0.00","0.00","0.00","0.00","0.00","0.50","0.00","0.00","0.00","0.00","21875.33","22445.64","22242.00","22409.00","22543.00","22565.70"
"France","0.00","0.00","0.00","0.00","0.00","0.00","0.00","0.00","0.00","0.00","0.00","0.00","0.00","0.00","0.00","0.00","0.00","0.00","0.00","0.00","0.00","0.00","0.00","0.00","14436.00","15288.00","16419.00","16836.00","17348.00","17795.00","0.00","0.00","0.00","0.00","0.00","0.00","0.00","0.00","0.00","0.00","0.00","0.00","0.00","0.00","0.00","0.00","0.00","0.00","14436.00","15288.00","16419.00","16836.00","17348.00","17795.00"
"French Guiana","0.00","0.00","0.00","0.00","0.00","0.00","0.00","0.00","0.00","0.00","0.00","0.00","0.00","0.00","0.00","0.00","0.00","0.00","0.00","0.00","0.00","0.00","0.00","0.00","8125.00","8079.44","8036.50","8020.00","8002.85","7981.95","0.00","0.00","0.00","0.00","0.00","0.00","0.00","0.00","0.00","0.00","0.00","0.00","0.00","0.00","0.00","0.00","0.00","0.00","8125.00","8079.44","8036.50","8020.00","8002.85","7981.95"
"French Polynesia","2.78","6.08","6.21","6.21","6.21","6.21","1.65","2.47","3.25","3.25","3.25","3.25","6.57","7.40","7.40","7.40","7.40","7.40","","","","","","","","","","","","","","","","","","","","","","","","","133.43","132.60","132.60","132.60","132.60","132.60","144.43","148.55","149.46","149.46","149.46","149.46"
"Gabon","5045.23","11887.74","11000.00","15200.00","16502.99","15684.83","0.00","0.00","0.00","0.00","0.00","0.00","1790.00","1826.00","5124.77","5124.77","5124.77","4870.58","21.76","21.76","21.76","21.76","21.76","21.76","0.00","0.00","7513.05","3252.42","1915.77","2956.38","0.00","0.00","0.00","0.00","0.00","0.00","16917.00","9965.88","0.00","0.00","0.00","0.00","0.24","0.24","23.68","23.68","23.68","21.76","23774.23","23701.62","23683.26","23622.63","23588.97","23555.31"
"Gambia","1.77","1.77","1.77","1.77","1.77","1.77","0.00","0.00","0.00","0.00","0.00","0.00","76.06","76.06","76.06","76.06","76.06","76.06","0.00","0.00","0.00","0.00","0.00","0.00","336.83","280.04","222.17","193.24","164.31","131.64","0.00","0.00","0.00","0.00","0.00","0.00","0.00","0.00","0.00","0.00","0.00","0.00","0.07","0.00","0.00","0.00","0.00","0.00","414.73","357.87","300.00","271.07","242.14","209.47"
"Georgia","566.40","566.40","587.50","587.50","587.50","587.50","982.87","1607.85","1635.42","1612.90","1285.53","1285.53","145.32","222.78","227.77","273.70","601.07","601.07","1057.71","363.57","371.71","348.30","348.30","348.30","0.00","0.00","0.00","0.00","0.00","0.00","0.00","0.00","0.00","0.00","0.00","0.00","0.00","0.00","0.00","0.00","0.00","0.00","278.10","278.10","278.10","278.10","278.10","278.10","3030.40","3038.70","3100.50","3100.50","3100.50","3100.50"
"Germany","","","","","","","","","","","","","","","","","","","","","","","","","","","","","","","","","","","","","","","","","","","11300.00","11354.00","11409.00","11433.40","11457.40","11481.40","11300.00","11354.00","11409.00","11433.40","11457.40","11481.40"
"Ghana","4122.00","4375.98","4629.59","4756.40","4883.20","5227.38","352.50","352.50","352.50","352.50","352.50","352.50","1103.17","1171.03","1238.90","1272.84","1285.00","1358.08","89.01","72.83","57.04","53.67","53.67","53.67","139.48","191.02","242.53","263.75","303.39","64.73","0.00","0.00","0.00","0.00","0.00","0.00","0.00","0.00","0.00","0.00","0.00","0.00","0.00","0.00","0.00","0.00","0.00","0.00","5806.16","6163.36","6520.56","6699.16","6877.76","7056.36"
"Gibraltar","0.00","0.00","0.00","0.00","0.00","0.00","0.00","0.00","0.00","0.00","0.00","0.00","0.00","0.00","0.00","0.00","0.00","0.00","0.00","0.00","0.00","0.00","0.00","0.00","0.00","0.00","0.00","0.00","0.00","0.00","0.00","0.00","0.00","0.00","0.00","0.00","0.00","0.00","0.00","0.00","0.00","0.00","0.00","0.00","0.00","0.00","0.00","0.00","0.00","0.00","0.00","0.00","0.00","0.00"
"Greece","","","","","","","","","","","","","","","","","","","","","","","","","","","","","","","","","","","","","","","","","","","3708.90","3708.90","3720.80","4098.00","4762.80","4762.80","3708.90","3708.90","3720.80","4098.00","4762.80","4762.80"
"Greenland","0.00","0.00","0.00","0.00","0.00","0.00","0.00","0.00","0.00","0.00","0.00","0.00","0.00","0.00","0.00","0.00","0.00","0.00","0.00","0.00","0.00","0.00","0.00","0.00","0.00","0.00","0.00","0.00","0.00","0.00","0.22","0.22","0.22","0.22","0.22","0.22","0.00","0.00","0.00","0.00","0.00","0.00","0.00","0.00","0.00","0.00","0.00","0.00","0.22","0.22","0.22","0.22","0.22","0.22"
"Grenada","0.21","0.21","0.21","0.21","0.21","0.21","","","","","","","2.32","2.32","2.32","2.32","2.32","2.32","","","","","","","","","","","","","","","","","","","","","","","","","15.17","15.17","15.17","15.17","15.17","15.17","17.70","17.70","17.70","17.70","17.70","17.70"
"Guadeloupe","0.00","0.00","0.00","0.00","0.00","0.00","0.00","0.00","0.00","0.00","0.00","0.00","0.00","0.00","0.00","0.00","0.00","0.00","0.00","0.00","0.00","0.00","0.00","0.00","73.17","72.27","71.55","72.22","71.92","72.10","0.00","0.00","0.00","0.00","0.00","0.00","0.00","0.00","0.00","0.00","0.00","0.00","0.00","0.00","0.00","0.68","2.33","3.50","73.17","72.27","71.55","72.90","74.25","75.60"
"Guam","","","","","","","","","","","","","0.49","0.49","0.49","0.49","0.49","0.49","","","","","","","","","","","","","","","","","","","","","","","","","23.51","23.51","23.51","27.78","27.78","27.78","24.00","24.00","24.00","28.27","28.27","28.27"
"Guatemala","","15.60","14.10","15.80","12.10","12.10","","","","","","","2464.21","2183.98","1932.03","1895.66","1803.84","1803.84","","","","","0.90","0.90","","","","","","","","","","","","","","","","","","","2388.20","2027.08","1809.72","1759.77","1784.76","1718.81","4852.41","4226.66","3755.85","3671.23","3601.60","3535.65"
"Guernsey","","","","","","","","","","","","","","","","","","","","","","","","","","","","","","","","","","","","","","","","","","","0.22","0.22","0.37","0.42","0.47","0.47","0.22","0.22","0.37","0.42","0.47","0.47"
"Guinea","118.00","119.00","119.00","119.00","119.00","119.00","590.59","593.00","593.00","593.00","593.00","593.00","3006.00","3006.00","3006.00","3006.00","3006.00","3006.00","0.00","0.00","0.00","0.00","0.00","0.00","472.00","475.00","475.00","475.00","475.00","475.00","0.00","0.00","0.00","0.00","0.00","0.00","","","","","","","3015.62","2339.24","1669.27","1334.28","999.30","664.31","7202.21","6532.24","5862.27","5527.28","5192.30","4857.31"
"Guinea-Bissau","1461.00","1052.00","590.00","590.00","590.00","590.00","","","","","","","463.00","756.00","1120.00","1120.00","1120.00","1120.00","","","","","","","0.00","0.00","0.00","0.00","0.00","0.00","","","","","","","","","","","","","333.39","399.12","453.16","431.97","410.78","389.59","2257.39","2207.12","2163.16","2141.97","2120.78","2099.59"
"Guyana","18473.39","16622.00","12417.00","12249.00","10979.00","12143.00","","","","","","","","151.00","405.00","1091.00","1091.00","1092.00","","","","","","","","","","","","","","","","","","","","","","","","","128.76","1791.22","5697.81","5121.36","6345.34","5142.19","18602.15","18564.22","18519.81","18461.36","18415.34","18377.19"
"Haiti","","","","","","","","","","","","","","","","","","","","","","","","","","","","","","","","","","","","","","","","","","","369.20","384.20","380.20","364.30","365.10","372.10","369.20","384.20","380.20","364.30","365.10","357.65"
"Holy See","0.00","0.00","0.00","0.00","0.00","0.00","0.00","0.00","0.00","0.00","0.00","0.00","0.00","0.00","0.00","0.00","0.00","0.00","0.00","0.00","0.00","0.00","0.00","0.00","0.00","0.00","0.00","0.00","0.00","0.00","0.00","0.00","0.00","0.00","0.00","0.00","0.00","0.00","0.00","0.00","0.00","0.00","0.00","0.00","0.00","0.00","0.00","0.00","0.00","0.00","0.00","0.00","0.00","0.00"
"Honduras","","56.91","230.90","306.83","240.31","303.19","","58.18","396.39","426.04","448.20","462.78","","","","","2142.70","2142.70","","","","","","","","","","","","","","","","","","","","","","","","","7644.21","7014.38","6117.40","5794.13","3281.22","2952.66","7644.21","7129.47","6744.69","6527.00","6112.43","5861.33"
"Hungary","1443.21","1248.03","1260.78","1248.61","1205.63","1204.37","170.30","142.63","175.60","183.34","194.96","208.26","76.88","388.75","468.59","491.40","529.12","551.72","47.58","32.60","21.86","20.76","20.38","19.53","0.00","0.00","0.00","0.00","0.00","0.00","75.93","109.16","119.57","116.71","106.91","103.49","0.00","0.00","0.00","0.00","0.00","0.00","0.00","0.00","0.00","0.00","0.00","0.00","1813.90","1921.17","2046.39","2060.82","2057.00","2087.37"
"Chad","5577.08","5199.74","4369.74","3730.16","2808.09","2168.52","11.00","11.00","18.30","18.30","21.00","21.00","1142.00","1142.00","1142.00","1142.00","1421.80","1421.80","0.00","0.00","0.00","0.00","0.00","0.00","0.00","0.00","0.00","0.00","0.00","0.00","0.00","0.00","0.00","0.00","0.00","0.00","0.00","0.00","0.00","0.00","0.00","0.00","0.00","0.00","0.00","0.00","0.00","0.00","6730.08","6352.74","5530.04","4890.46","4250.89","3611.32"
"Chile","5432.25","5635.70","5959.30","6269.58","6464.19","6211.37","2723.86","2825.88","2988.14","3143.72","3253.52","4921.87","2879.77","2987.63","3159.17","3323.66","3439.76","4667.61","0.00","0.00","0.00","0.00","0.00","0.00","4210.17","4367.85","4618.65","4859.12","5028.85","2361.05","0.00","0.00","0.00","0.00","0.00","0.00","0.00","0.00","0.00","0.00","0.00","0.00","1564.90","1607.53","1312.96","621.01","0.00","0.00","16810.95","17424.59","18038.22","18217.09","18186.32","18161.90"
"China","78357.18","77796.11","61795.94","64836.90","64668.27","64288.00","17340.12","28657.28","46723.04","46329.32","45634.14","44791.00","3233.68","4357.68","9732.88","11975.04","16830.40","21615.00","730.84","1044.98","2127.42","2567.86","5130.04","7667.00","45833.44","56550.31","67709.68","72830.40","76415.31","79738.00","655.26","1046.84","2375.80","2348.12","3257.45","4153.00","10990.07","7547.35","10145.62","9406.61","7162.39","4901.00","0.00","0.00","0.00","0.00","0.00","0.00","157140.59","177000.55","200610.38","210294.25","219098.00","227153.00"
"Iceland","2.90","8.38","14.36","16.59","23.12","25.41","10.03","11.71","14.41","14.85","16.84","17.66","0.06","0.06","0.13","0.16","0.34","0.37","2.05","4.59","5.97","6.11","6.41","7.07","1.92","4.86","9.56","10.15","9.08","10.01","0.06","0.17","0.17","0.17","0.22","0.24","","","","","","","0.91","2.45","4.14","5.20","0.65","0.72","17.93","32.22","48.74","53.23","56.66","61.48"
"India","16260.00","17189.00","17673.00","18012.00","18389.00","18498.00","10000.00","10571.00","10869.00","11078.00","11309.00","11376.00","9493.00","9708.00","12013.00","12068.00","12810.00","13066.00","0.00","0.00","0.00","0.00","0.00","0.00","28185.00","30123.00","28941.00","29670.00","29801.00","29799.00","0.00","0.00","0.00","0.00","0.00","0.00","0.00","0.00","0.00","0.00","0.00","0.00","0.00","0.00","0.00","0.00","0.00","0.00","63938.00","67591.00","69496.00","70828.00","72309.00","72739.00"
"Indonesia","62342.00","53435.80","49680.00","45183.30","34656.00","37864.20","24301.00","20852.60","22667.00","24020.70","21670.27","21742.11","16415.00","12926.10","15144.00","17421.70","17199.20","17567.90","0.00","0.00","0.00","0.00","13638.90","15407.40","13276.50","4744.10","8814.20","8402.20","8397.53","3387.69","0.00","0.00","0.00","0.00","0.00","0.00","0.00","0.00","0.00","0.00","0.00","0.00","0.00","0.00","0.00","0.00","0.00","0.00","116334.50","91958.60","96305.20","95027.90","95561.90","95969.30"
"Iran (Islamic Republic of)","1000.00","1500.00","1500.00","1500.00","1500.00","1500.00","7377.06","7135.66","6134.98","5726.98","5126.98","5126.98","1510.00","1510.00","1510.00","1510.00","1510.00","1510.00","0.00","0.00","0.00","0.00","0.00","0.00","863.94","605.34","1606.02","2014.02","2614.02","2614.02","0.00","0.00","0.00","0.00","0.00","0.00","0.00","0.00","0.00","0.00","0.00","0.00","0.00","0.00","0.00","0.00","0.00","0.00","10751.00","10751.00","10751.00","10751.00","10751.00","10751.00"
"Iraq","0.00","0.00","0.00","0.00","0.00","0.00","0.00","0.00","0.00","0.00","0.00","0.00","161.00","164.00","157.30","136.00","125.00","117.00","0.00","0.00","0.00","0.00","0.00","0.00","643.00","654.00","647.00","622.61","600.57","575.55","0.00","0.00","0.00","0.00","0.00","0.00","0.00","0.00","0.00","0.00","0.00","0.00","0.00","0.00","0.00","0.00","0.00","0.00","803.50","817.62","804.30","758.61","725.57","692.55"
"Ireland","311.31","351.96","348.01","346.68","350.59","340.00","0.00","0.00","0.00","0.00","0.00","13.00","38.94","44.03","43.53","43.36","43.85","32.00","0.46","0.52","0.52","0.52","0.52","2.00","0.00","0.00","0.00","0.00","0.00","0.00","0.00","0.00","0.00","0.00","0.00","0.00","0.00","0.00","0.00","0.00","0.00","0.00","110.93","233.85","328.32","364.11","398.36","445.85","461.64","630.36","720.38","754.67","793.32","832.85"
"Isle of Man","0.00","0.00","0.00","0.00","0.00","0.00","0.00","0.00","0.00","0.00","0.00","0.00","0.00","0.00","0.00","0.00","0.00","0.00","0.00","0.00","0.00","0.00","0.00","0.00","3.46","3.46","3.46","3.46","3.46","3.46","0.00","0.00","0.00","0.00","0.00","0.00","","","","","","","0.17","0.17","0.17","0.17","0.21","0.21","3.63","3.63","3.63","3.63","3.67","3.67"
"Israel","0.00","0.00","0.00","0.00","0.00","0.00","0.00","0.00","0.00","15.00","12.00","12.00","27.00","27.00","27.00","26.00","34.00","34.00","0.00","0.00","0.00","6.00","3.50","3.50","105.00","126.00","127.00","118.00","90.50","100.50","0.00","0.00","0.00","0.00","0.00","0.00","0.00","0.00","0.00","0.00","0.00","0.00","0.00","0.00","0.00","0.00","0.00","0.00","132.00","153.00","154.00","165.00","140.00","150.00"
"Italy","294.55","305.84","317.14","730.25","741.55","752.85","","","","188.43","191.34","194.26","93.00","93.00","93.00","187.58","187.58","187.58","","","","43.79","44.46","45.14","","","","","","","","","","","","","7202.00","7970.00","8618.00","7885.00","7928.00","7970.00","0.20","0.41","0.00","0.00","266.58","272.13","7589.75","8369.25","9028.04","8907.00","9359.51","9421.96"
"Jamaica","8.79","8.21","8.29","8.07","7.45","6.82","18.97","19.66","22.68","24.52","26.26","28.00","76.15","71.18","69.07","68.15","67.98","67.81","0.00","0.00","0.00","0.00","0.00","0.00","20.60","20.60","20.60","20.60","20.60","20.60","0.00","0.00","0.00","0.00","0.00","0.00","0.00","0.00","0.00","0.00","0.00","0.00","396.79","403.64","431.90","460.77","511.81","562.86","521.30","523.29","552.54","582.11","634.10","686.09"
"Japan","","","","","","","","","","","","","","","","","","","","","","","","","","","","","","","24950.00","24876.00","24966.00","24944.00","24919.00","24908.00","","","","","","","0.00","0.00","0.00","0.00","0.00","0.00","24950.00","24876.00","24966.00","24944.00","24919.00","24908.00"
"Jersey","","","","","","","","","","","","","","","","","","","","","","","","","","","","","","","","","","","","","","","","","","","0.60","0.60","0.60","0.60","0.67","0.68","0.60","0.60","0.60","0.60","0.67","0.68"
"Jordan","0.00","0.00","0.00","0.00","0.00","0.00","0.00","0.00","0.00","0.00","0.00","0.00","3.40","3.40","3.40","3.40","3.40","3.40","0.00","0.00","0.00","0.00","0.00","0.00","67.30","67.30","67.30","67.30","67.30","67.30","0.00","0.00","0.00","0.00","0.00","0.00","0.00","0.00","0.00","0.00","0.00","0.00","0.00","0.00","0.00","0.00","0.00","0.00","70.70","70.70","70.70","70.70","70.70","70.70"
"Kazakhstan","0.00","0.00","0.00","0.00","0.00","0.00","2736.30","2449.50","2015.30","2113.80","2156.63","2160.30","82.30","135.50","943.80","1079.40","1121.80","1193.90","0.00","0.00","0.00","0.00","0.00","0.00","0.00","0.00","0.00","0.00","0.00","0.00","343.64","571.93","123.08","115.26","172.58","166.31","0.00","0.00","0.00","0.00","0.00","0.00","0.00","0.00","0.00","0.00","0.00","0.00","3162.24","3156.93","3082.18","3308.46","3451.01","3520.51"
"Kenya","152.79","152.79","152.79","152.79","152.79","152.79","0.00","0.00","0.00","0.00","0.00","0.00","1748.40","1759.90","1725.50","1718.40","1680.30","1680.30","0.00","0.00","0.00","0.00","0.00","0.00","1839.50","1903.61","2000.27","1512.78","1758.46","1902.93","0.00","0.00","0.00","0.00","0.00","0.00","0.00","0.00","0.00","0.00","0.00","0.00","0.00","0.00","0.00","0.00","0.00","177.79","3740.60","3816.21","3878.47","3383.88","3591.46","3913.81"
"Kiribati","0.00","0.00","0.00","0.00","0.00","0.00","1.07","1.07","1.07","1.07","1.07","1.07","0.00","0.00","0.00","0.00","0.00","0.00","0.00","0.00","0.00","0.00","0.00","0.00","0.00","0.00","0.00","0.00","0.00","0.00","0.00","0.00","0.00","0.00","0.00","0.00","0.00","0.00","0.00","0.00","0.00","0.00","0.00","0.00","0.00","0.00","0.00","0.00","1.07","1.07","1.07","1.07","1.07","1.07"
"Kuwait","0.00","0.00","0.00","0.00","0.00","0.00","0.00","0.00","0.00","0.00","0.00","0.00","0.08","0.08","0.08","0.08","0.08","0.08","0.00","0.00","0.00","0.00","0.00","0.00","3.37","4.91","5.31","6.01","6.22","6.22","0.00","0.00","0.00","0.00","0.00","0.00","0.00","0.00","0.00","0.00","0.00","0.00","0.00","0.00","0.00","0.00","0.00","0.00","3.45","4.99","5.39","6.09","6.30","6.30"
"Kyrgyzstan","0.00","0.00","0.00","0.00","0.00","0.00","1134.47","1129.60","1148.59","1152.09","1094.86","1095.18","1.95","51.30","78.25","94.85","103.70","103.70","0.00","0.00","0.00","0.00","0.00","0.00","0.00","0.00","0.00","0.00","56.60","56.60","0.00","0.00","0.00","0.00","0.00","0.00","0.00","0.00","0.00","0.00","0.00","0.00","0.00","0.00","0.00","0.00","0.00","0.00","1136.42","1180.90","1226.84","1246.94","1255.16","1255.48"
"Lao People's Democratic Republic","2313.08","2241.71","2170.34","2123.31","2084.32","2019.19","4970.40","4848.62","4726.84","4618.95","4565.62","4464.43","3626.52","3571.51","3516.50","3487.95","3465.14","3429.94","0.00","0.00","0.00","0.00","0.00","0.00","0.00","0.00","0.00","0.00","0.00","0.00","3489.28","3388.19","3246.91","3139.21","3097.63","3122.48","0.00","0.00","0.00","0.00","0.00","0.00","0.00","0.01","0.00","0.00","0.00","0.00","14399.28","14050.04","13660.59","13369.40","13212.71","13036.04"
"Latvia","2514.76","2601.23","2638.09","2601.64","2526.64","2514.77","51.00","71.00","171.38","206.38","274.29","289.80","499.39","489.65","490.23","514.10","564.29","592.88","107.85","79.12","72.42","69.32","68.91","69.51","0.00","0.00","0.00","0.00","0.00","0.00","0.00","0.00","0.00","0.00","0.00","0.00","0.00","0.00","0.00","0.00","0.00","0.00","0.00","0.00","0.00","7.18","0.00","0.00","3173.00","3241.00","3372.12","3398.62","3434.13","3466.96"
"Lebanon","60.68","61.11","61.54","61.75","62.09","62.18","0.00","0.00","0.00","0.00","0.00","0.00","8.27","8.33","8.39","8.42","8.46","8.47","0.00","0.00","0.00","0.00","0.00","0.00","68.97","69.45","69.94","70.19","70.29","70.67","0.00","0.00","0.00","0.00","0.00","0.00","0.00","0.00","0.00","0.00","0.00","0.00","0.00","0.00","0.00","0.00","0.00","0.00","137.92","138.89","139.87","140.36","140.84","141.32"
"Lesotho","0.00","0.00","0.00","0.00","0.00","0.00","0.00","0.00","0.00","0.00","0.00","0.00","5.00","5.00","5.00","5.00","5.00","5.00","0.00","0.00","0.00","0.00","0.00","0.00","29.52","29.52","29.52","29.52","29.52","29.52","0.00","0.00","0.00","0.00","0.00","0.00","0.00","0.00","0.00","0.00","0.00","0.00","0.00","0.00","0.00","0.00","0.00","0.00","34.52","34.52","34.52","34.52","34.52","34.52"
"Liberia","200.00","200.00","200.00","200.00","200.00","200.00","","","","","","","","","","","","","","","","","","","","","","","","","","","","","","","","","","","","","7808.76","7808.76","7419.78","6836.57","6329.42","6126.52","8008.76","8008.76","7619.78","7036.57","6529.42","6326.52"
"Libya","0.00","0.00","0.00","0.00","0.00","0.00","0.00","0.00","0.00","0.00","0.00","0.00","10.20","10.20","10.20","10.20","10.20","10.20","0.00","0.00","0.00","0.00","0.00","0.00","206.80","203.47","200.14","198.47","196.80","195.13","0.00","0.00","0.00","0.00","0.00","0.00","0.00","0.00","0.00","0.00","0.00","0.00","0.00","0.00","0.00","0.00","0.00","0.00","217.00","213.67","210.34","208.67","207.00","205.33"
"Liechtenstein","1.79","1.29","1.29","1.29","1.29","1.40","1.88","1.88","2.71","2.71","2.71","2.77","0.00","1.55","1.55","1.55","1.55","1.75","0.00","0.00","0.00","0.00","0.00","0.06","1.53","0.66","0.00","0.00","0.00","0.00","0.00","0.00","0.00","0.00","0.00","0.00","0.00","0.00","0.00","0.00","0.00","0.00","0.00","0.00","0.00","0.00","0.00","0.00","5.20","5.38","5.55","5.55","5.55","5.98"
"Lithuania","1412.00","1466.00","1549.00","1560.00","1498.17","1479.00","171.00","178.00","192.00","193.00","131.26","130.00","160.00","166.00","201.00","204.00","384.19","425.00","75.00","78.00","65.00","65.00","55.55","52.00","127.00","132.00","163.00","165.00","133.02","130.34","0.00","0.00","0.00","0.00","0.00","0.00","0.00","0.00","0.00","0.00","0.00","0.00","0.00","0.00","0.00","0.00","0.00","0.00","1945.00","2020.00","2170.00","2187.00","2202.19","2216.34"
"Luxembourg","","","","","","","","","","","","","","","","","","","","","","","","","","","","","","","","","","","","","","","","","","","85.80","86.70","88.70","88.70","88.70","88.70","85.80","86.70","88.70","88.70","88.70","88.70"
"Madagascar","3594.72","3420.52","3139.80","2929.36","2771.11","2607.79","189.65","180.46","165.65","154.55","146.20","137.58","5387.18","5126.12","4705.42","4390.05","4152.88","3908.13","0.00","0.00","0.00","0.00","0.00","0.00","4505.59","4287.26","3935.39","3671.64","3473.28","3268.58","0.00","0.00","0.00","0.00","0.00","0.00","0.00","0.00","0.00","0.00","0.00","0.00","0.00","0.00","0.00","0.00","0.00","0.00","13677.14","13014.36","11946.26","11145.60","10543.47","9922.08"
"Malawi","137.00","118.00","96.80","86.20","75.70","59.03","","","","","","","757.90","757.90","757.90","757.90","757.90","757.90","","","","","","","965.80","965.80","965.80","965.80","965.80","965.80","","","","","","","","","","","","","1641.06","1240.00","841.20","641.80","442.30","248.97","3501.76","3081.70","2661.70","2451.70","2241.70","2031.70"
"Malaysia","11435.66","9979.47","9989.55","9373.03","8837.39","8777.39","0.00","0.00","0.00","0.00","0.00","0.00","0.00","0.00","0.00","0.00","0.00","0.00","0.00","0.00","0.00","0.00","0.00","0.00","9182.84","9711.88","8958.10","10091.91","10347.35","10107.35","0.00","0.00","0.00","0.00","0.00","0.00","0.00","0.00","0.00","0.00","0.00","0.00","0.00","0.00","0.00","0.00","0.00","0.00","20618.50","19691.35","18947.65","19464.22","19184.74","18884.74"
"Maldives","0.00","0.00","0.00","0.00","0.00","0.00","0.10","0.10","0.10","0.10","0.15","0.15","0.20","0.20","0.20","0.20","0.25","0.25","0.00","0.00","0.00","0.00","0.00","0.00","0.15","0.15","0.15","0.15","0.15","0.15","0.00","0.00","0.00","0.00","0.00","0.00","0.37","0.37","0.37","0.37","0.27","0.27","2.90","2.90","2.90","2.90","2.90","2.90","3.72","3.72","3.72","3.72","3.72","3.72"
"Mali","10586.49","9782.12","8977.75","9883.99","9481.80","9079.62","1155.94","1055.39","954.85","250.36","200.09","149.82","770.00","770.00","770.00","770.00","770.00","770.00","0.00","0.00","0.00","0.00","0.00","0.00","1485.94","1385.39","1284.84","580.36","530.09","479.81","0.00","0.00","0.00","0.00","0.00","0.00","0.00","0.00","0.00","0.00","0.00","0.00","0.00","0.00","0.00","0.00","0.00","0.00","13998.36","12992.90","11987.44","11484.71","10981.98","10479.25"
"Malta","","","","","","","","","","","","","","","","","","","","","","","","","","","","","","","","","","","","","","","","","","","0.35","0.35","0.35","0.35","0.46","0.47","0.35","0.35","0.35","0.35","0.46","0.47"
"Marshall Islands","0.00","0.00","0.00","0.00","0.00","0.00","0.00","0.00","0.00","0.00","0.00","0.00","0.00","0.00","0.00","0.00","0.00","0.00","0.00","0.00","0.00","0.00","0.00","0.00","9.40","9.40","9.40","9.40","9.71","9.71","0.00","0.00","0.00","0.00","0.00","0.00","0.00","0.00","0.00","0.00","0.00","0.00","0.00","0.00","0.00","0.00","0.00","0.00","9.40","9.40","9.40","9.40","9.71","9.71"
"Martinique","0.00","0.00","0.00","0.00","0.00","0.00","0.00","0.00","0.00","0.00","0.00","0.00","0.00","0.00","0.00","0.00","0.00","0.00","0.00","0.00","0.00","0.00","0.00","0.00","47.84","48.74","50.29","51.29","52.29","52.67","0.00","0.00","0.00","0.00","0.00","0.00","0.00","0.00","0.00","0.00","0.00","0.00","0.00","0.00","0.00","0.00","0.00","0.00","47.84","48.74","50.29","51.29","52.29","52.67"
"Mauritania","0.00","0.00","0.00","0.20","2.00","2.00","48.00","48.00","148.00","188.00","190.00","194.00","0.08","3.11","3.11","3.11","3.11","3.11","0.00","0.00","0.00","0.00","0.00","0.00","879.07","902.32","828.59","801.53","810.87","820.02","0.00","0.00","0.00","0.00","0.00","0.00","0.00","0.00","0.00","0.00","0.00","0.00","0.00","0.00","0.00","0.00","0.00","0.00","927.15","953.43","979.70","992.84","1005.98","1019.13"
"Mauritius","12.32","12.58","11.52","7.66","7.50","7.50","17.25","17.61","16.13","16.85","17.15","17.15","8.63","8.80","6.72","7.66","7.86","7.86","2.87","2.94","2.69","3.06","3.12","3.12","0.00","0.00","1.33","3.07","3.14","3.14","0.00","0.00","0.00","0.00","0.00","0.00","0.00","0.00","0.00","0.00","0.00","0.00","0.00","0.00","0.00","0.00","0.00","0.00","41.07","41.93","38.36","38.30","38.29","38.29"
"Mayotte","0.00","0.00","0.00","0.00","0.00","0.00","0.00","0.00","0.00","0.00","0.00","0.00","0.00","0.00","0.00","0.00","0.00","0.00","0.00","0.00","0.00","0.00","0.00","0.00","19.25","14.79","10.41","10.05","9.77","9.60","0.00","0.00","0.00","0.00","0.00","0.00","0.00","0.00","0.00","0.00","0.00","0.00","0.00","0.00","0.00","0.00","0.00","0.00","19.25","14.79","10.41","10.05","9.77","9.60"
"Mexico","","","5.99","2938.13","2809.60","161.37","","","","256.61","176.36","32.63","5556.87","7409.54","8766.76","8696.49","8819.25","8621.64","24.59","24.53","26.76","26.61","27.30","27.30","","","1880.81","8459.66","8614.84","1758.98","","","","1432.48","771.11","","","","","","","","66222.47","62159.59","57475.33","45733.28","45685.96","55663.67","71803.93","69593.66","68155.65","67543.26","66904.42","66265.59"
"Micronesia (Federated States of)","0.00","0.00","0.00","0.00","0.00","0.00","0.00","0.00","0.00","0.00","0.00","0.00","10.40","10.40","10.40","10.40","10.40","10.40","0.00","0.00","0.00","0.00","0.00","0.00","53.18","53.46","53.73","53.87","54.02","54.17","0.00","0.00","0.00","0.00","0.00","0.00","0.00","0.00","0.00","0.00","0.00","0.00","0.00","0.00","0.00","0.00","0.00","0.00","63.58","63.86","64.13","64.27","64.42","64.57"
"Monaco","0.00","0.00","0.00","0.00","0.00","0.00","0.00","0.00","0.00","0.00","0.00","0.00","0.00","0.00","0.00","0.00","0.00","0.00","0.00","0.00","0.00","0.00","0.00","0.00","0.00","0.00","0.00","0.00","0.00","0.00","0.00","0.00","0.00","0.00","0.00","0.00","0.00","0.00","0.00","0.00","0.00","0.00","0.00","0.00","0.00","0.00","0.00","0.00","0.00","0.00","0.00","0.00","0.00","0.00"
"Mongolia","3175.52","3175.52","3175.52","3777.00","3778.00","3778.00","10214.02","10214.02","10214.02","9198.63","9198.63","9198.63","26.31","575.29","578.84","952.77","952.77","952.77","2.02","197.29","215.52","249.93","249.93","249.93","","","0.00","0.00","0.00","0.00","","","0.00","0.00","0.00","0.00","","","0.00","0.00","0.00","0.00","934.13","101.78","0.00","0.00","0.00","0.00","14352.00","14263.90","14183.90","14178.33","14178.33","14178.33"
"Montenegro","","","675.40","675.40","675.40","675.40","","","106.00","106.00","106.00","106.00","","","","","","","","","","","","","","","","","","","","","","","","","","","","","","","626.00","626.00","45.60","45.60","45.60","45.60","626.00","626.00","827.00","827.00","827.00","827.00"
"Montserrat","0.00","0.00","0.00","0.00","0.00","0.00","0.00","0.00","0.00","0.00","0.00","0.00","0.00","0.00","0.00","0.00","0.00","0.00","0.00","0.00","0.00","0.00","0.00","0.00","3.50","2.42","2.42","2.42","2.42","2.42","0.00","0.00","0.00","0.00","0.00","0.00","0.00","0.00","0.00","0.00","0.00","0.00","0.00","0.00","0.00","0.00","0.00","0.00","3.50","2.42","2.42","2.42","2.42","2.42"
"Morocco","803.79","818.55","866.32","908.58","920.66","927.22","0.00","33.00","88.00","139.00","237.00","237.00","35.20","47.20","260.90","260.90","260.90","260.90","0.00","0.00","162.00","163.40","163.40","163.40","4862.00","4799.92","4318.48","4218.02","4111.81","4106.82","0.00","0.00","0.00","0.00","0.00","0.00","0.00","0.00","0.00","0.00","0.00","0.00","0.00","0.00","0.00","0.00","0.00","0.00","5700.99","5698.67","5695.70","5689.90","5693.77","5695.34"
"Mozambique","27348.91","25397.62","23488.19","20435.99","18349.88","16273.30","9635.00","9148.00","8617.14","7509.64","8260.60","8293.51","4605.00","4373.00","4143.00","6967.56","6967.56","7676.09","0.00","0.00","0.00","0.00","0.00","0.00","0.00","0.00","0.00","0.00","0.00","0.00","0.00","0.00","0.00","0.00","0.00","0.00","0.00","0.00","0.00","0.00","0.00","0.00","0.00","0.00","0.00","0.00","0.00","0.00","41588.91","38918.62","36248.33","34913.19","33578.04","32242.90"
"Myanmar","24644.00","24644.00","20470.00","18492.07","18492.07","18492.07","1499.00","1499.00","3349.00","4008.14","4008.14","4008.14","1220.00","1220.00","4466.00","4962.40","4962.40","4595.11","0.00","0.00","0.00","0.00","0.00","0.00","11855.48","7505.11","3156.00","2529.83","1081.27","0.00","0.00","0.00","0.00","0.00","0.00","0.00","0.00","0.00","0.00","0.00","0.00","0.00","0.00","0.00","0.00","0.00","0.00","0.00","39218.48","34868.11","31441.00","29992.44","28543.88","27095.32"
"Namibia","0.00","0.00","0.00","0.00","0.00","0.00","0.00","0.00","0.00","0.00","0.00","0.00","689.23","689.23","689.23","689.23","689.23","689.23","0.00","0.00","0.00","0.00","0.00","0.00","8079.94","7369.85","7363.40","7360.18","7356.95","7353.73","0.00","0.00","0.00","0.00","0.00","0.00","0.00","0.00","0.00","0.00","0.00","0.00","0.00","0.00","0.00","0.00","0.00","0.00","8769.17","8059.08","8052.63","8049.41","8046.18","8042.96"
"Nauru","0.00","0.00","0.00","0.00","0.00","0.00","0.00","0.00","0.00","0.00","0.00","0.00","0.00","0.00","0.00","0.00","0.00","0.00","0.00","0.00","0.00","0.00","0.00","0.00","0.00","0.00","0.00","0.00","0.00","0.00","0.00","0.00","0.00","0.00","0.00","0.00","0.00","0.00","0.00","0.00","0.00","0.00","0.00","0.00","0.00","0.00","0.00","0.00","0.00","0.00","0.00","0.00","0.00","0.00"
"Nepal","136.00","206.00","1682.37","1879.78","2606.88","2606.88","0.00","0.00","0.00","0.00","0.00","0.00","1160.90","2956.80","3434.92","3460.69","3447.43","3513.73","","","2.06","2.06","2.06","2.06","18.34","18.34","18.34","42.34","43.97","43.97","0.64","0.64","0.64","0.64","0.64","0.64","","","","","","0.00","4432.23","2733.74","944.60","714.94","82.37","98.97","5748.11","5915.52","6082.93","6100.45","6183.35","6266.25"
"Netherlands (Kingdom of the)","31.00","4.00","4.00","3.00","3.00","3.00","0.00","0.00","0.00","0.00","0.00","0.00","34.33","89.50","95.73","143.43","187.60","191.77","0.00","0.00","0.00","0.00","0.00","0.00","280.00","266.00","273.75","218.40","173.48","174.56","0.00","0.00","0.00","0.00","0.00","0.00","0.00","0.00","0.00","0.00","0.00","0.00","0.00","0.00","0.00","0.00","3.00","0.00","345.33","359.50","373.48","364.83","367.08","369.33"
"New Caledonia","19.04","19.84","20.39","","","","123.84","123.84","123.84","149.44","149.44","149.44","60.49","72.23","76.15","170.08","170.08","170.08","","","","","","","","","","","","","","","","","","","","","","","","","627.76","621.94","618.64","573.09","573.09","573.09","831.13","837.85","839.02","892.61","892.61","892.61"
"New Zealand","1758.00","1995.00","2057.00","2053.00","2081.00","2081.00","0.00","0.00","0.00","0.00","0.00","0.00","4536.00","4916.00","5258.00","5187.00","5216.00","5216.00","0.00","0.00","0.00","0.00","0.00","0.00","62.00","92.00","102.00","109.00","111.00","111.00","0.00","0.00","0.00","0.00","0.00","0.00","0.00","0.00","0.00","0.00","0.00","0.00","3016.27","2847.44","2431.12","2497.61","2557.29","2895.03","9372.27","9850.44","9848.12","9846.61","9965.29","10303.03"
"Nicaragua","","21.91","15.64","15.70","3.41","3.41","","","","","","","","","","","467.88","467.88","","","","","","","","","","","","","","","","","","","","","","","","","7098.90","6083.79","5096.86","4986.20","4420.04","4309.41","7098.90","6105.70","5112.50","5001.90","4891.33","4780.70"
"Niger","9.00","9.00","9.00","17.00","24.00","24.00","2.50","2.50","2.50","2.50","2.50","2.50","220.00","220.00","220.00","220.00","220.00","220.00","0.00","0.00","0.00","0.00","0.00","0.00","1713.50","1096.60","972.40","902.30","833.20","808.60","0.00","0.00","0.00","0.00","0.00","0.00","0.00","0.00","0.00","0.00","0.00","0.00","0.00","0.00","0.00","0.00","0.00","0.00","1945.00","1328.10","1203.90","1141.80","1079.70","1055.10"
"Nigeria","6255.55","5887.59","5519.63","5335.65","5151.67","4967.69","6471.26","6090.61","5709.96","5519.63","5329.31","5138.99","6039.84","5684.57","5329.30","5151.67","4974.02","4796.39","1941.38","1827.18","1712.99","1655.89","1598.79","1541.70","862.83","812.08","761.32","735.94","710.58","685.19","0.00","0.00","0.00","0.00","0.00","0.00","0.00","0.00","0.00","0.00","0.00","0.00","0.00","0.00","0.00","0.00","0.00","0.00","21570.86","20302.03","19033.20","18398.78","17764.37","17129.96"
"Niue","0.00","0.00","0.00","0.00","0.00","0.00","0.00","0.00","0.00","0.00","0.00","0.00","0.00","0.00","0.00","0.00","0.00","0.00","0.00","0.00","0.00","0.00","0.00","0.00","18.93","18.93","18.93","18.93","18.93","18.93","0.00","0.00","0.00","0.00","0.00","0.00","0.00","0.00","0.00","0.00","0.00","0.00","0.00","0.00","0.00","0.00","0.00","0.00","18.93","18.83","18.77","18.82","18.87","18.87"
"Norfolk Island","0.05","0.05","0.05","0.05","0.05","0.05","","","","","","","0.37","0.37","0.37","0.37","0.37","0.37","","","","","","","","","","","","","","","","","","","","","","","","","0.07","0.07","0.07","0.07","0.07","0.07","0.49","0.49","0.49","0.49","0.49","0.49"
"North Macedonia","","","","","","","","","","","","","","","","","","","","","","","","","","","","","","","","","","","","","","","","","","","912.00","957.55","960.43","994.40","1042.32","1026.10","912.00","957.55","960.43","994.40","1042.32","1026.10"
"Northern Mariana Islands","","","","","","","","","","","","","","","","","","","","","","","","","","","","","","","","","","","","","","","","","","","20.32","20.32","20.32","24.36","24.36","24.36","20.32","20.32","20.32","24.36","24.36","24.36"
"Norway","5975.00","5909.00","5781.00","5702.00","5614.00","5526.00","4609.00","4609.00","4609.00","4609.00","4609.00","4609.00","213.00","268.00","480.00","604.00","726.00","848.00","20.00","20.00","17.00","17.00","18.00","19.00","1373.00","1364.48","1234.00","1172.00","1125.00","1077.64","27.00","28.00","29.00","29.00","29.00","29.00","0.00","0.00","0.00","0.00","0.00","0.00","0.00","0.00","0.00","0.00","0.00","0.00","12216.87","12198.48","12149.29","12132.98","12120.81","12108.64"
"Oman","0.00","0.00","0.00","0.00","0.00","0.00","0.00","0.00","0.00","0.00","0.00","0.00","0.00","0.00","0.00","0.00","0.00","0.00","0.00","0.00","0.00","0.00","0.00","0.00","1.60","1.60","1.60","1.60","1.60","1.60","0.00","0.00","0.00","0.00","0.00","0.00","0.00","0.00","0.00","0.00","0.00","0.00","0.00","0.00","0.00","0.00","0.00","0.00","1.60","1.60","1.60","1.60","1.60","1.60"
"Pakistan","","","","","","","","","","","","","","","","","","","","","","","","","3461.01","3316.91","3164.83","3036.05","3088.53","3192.46","","","","","","","","","","","","","0.00","0.00","0.00","0.00","0.00","0.00","3461.01","3316.91","3164.83","3036.05","3088.53","3192.46"
"Palau","0.00","0.00","0.00","0.00","0.00","0.00","0.00","0.00","0.00","0.00","0.00","0.00","0.00","0.00","0.00","0.00","0.00","0.00","0.00","0.00","0.00","0.00","0.00","0.00","38.15","39.58","40.56","40.99","41.42","41.87","0.00","0.00","0.00","0.00","0.00","0.00","0.00","0.00","0.00","0.00","0.00","0.00","0.00","0.00","0.00","0.00","0.00","0.00","38.15","39.58","40.56","40.99","41.42","41.87"
"Palestine","","","","","","","","","","","","","","","","","","","","","","","","","","","","","","","","","","","","","","","","","","","9.08","9.08","9.98","10.57","11.10","11.10","9.08","9.08","9.98","10.57","11.10","11.10"
"Panama","","","","","","","","","","","","","","","","","","","","","","","","","","","","","","","","","","","","","","","","","","","4956.04","4790.78","4676.63","4644.75","4629.68","4614.61","4956.04","4790.78","4676.63","4644.75","4629.68","4614.61"
"Papua New Guinea","5231.13","5213.64","5199.40","5177.20","5152.96","5152.96","1032.49","1029.03","1026.22","1021.84","1017.06","1017.06","1376.08","1371.48","1367.73","1361.89","1355.52","1355.52","0.00","0.00","0.00","0.00","0.00","0.00","1103.90","1100.21","1097.20","1092.52","1087.40","1087.40","0.00","0.00","0.00","0.00","0.00","0.00","0.00","0.00","0.00","0.00","0.00","0.00","25870.76","25680.86","25485.49","25499.56","25434.77","25416.02","34614.36","34395.22","34176.04","34153.01","34047.71","34028.96"
"Paraguay","","","","","","","","","","","","","","","","","","","","","","","","","","","","","","","","","","","","","","","","","","","25679.68","21909.71","18139.75","16369.67","15115.94","14297.39","25679.68","21909.71","18139.75","16369.67","15115.94","14297.39"
"Peru","","","","","","14975.37","","","","","","12834.98","","","","","","30596.38","","","","","","0.00","","","","","","90.10","","","","","","2.04","","","","","","8609.50","77037.89","74044.52","71051.15","69554.46","68656.45","51.39","77037.89","74044.52","71051.15","69554.46","68656.45","67159.76"
"Philippines","3157.86","2692.48","2227.10","2319.09","1887.87","1456.65","0.00","0.00","0.00","0.00","0.00","0.00","0.00","0.00","0.00","0.00","0.00","0.00","0.00","0.00","0.00","0.00","0.00","0.00","4620.95","4616.78","4612.62","4696.06","5338.53","5981.99","0.00","0.00","0.00","0.00","0.00","0.00","0.00","0.00","0.00","0.00","0.00","0.00","0.00","0.00","0.00","0.00","0.00","0.00","7778.81","7309.26","6839.72","7014.15","7226.39","7438.64"
"Pitcairn","","","","","","","","","","","","","","","","","","","","","","","","","","","","","","","","","","","","","","","","","","","3.69","3.69","3.69","3.69","3.69","3.69","3.69","3.69","3.69","3.69","3.69","3.69"
"Poland","6193.00","5832.00","5860.00","4390.00","4401.20","4407.00","721.00","1556.00","1866.00","1013.00","1014.00","1001.00","181.00","402.00","533.00","3248.00","3268.00","3294.00","1787.00","1269.00","1070.00","769.00","781.00","793.00","0.00","0.00","0.00","0.00","0.00","0.00","0.00","0.00","0.00","0.00","0.00","0.00","0.00","0.00","0.00","0.00","0.00","0.00","0.00","0.00","0.00","0.00","0.00","0.00","8882.00","9059.00","9329.00","9420.00","9464.20","9495.00"
"Portugal","0.00","0.00","0.00","0.00","0.00","0.00","0.00","0.00","0.00","0.00","0.00","0.00","15.36","15.36","15.36","15.36","15.36","15.36","0.00","0.00","0.00","0.00","0.00","0.00","3423.06","3333.21","3236.52","3296.47","3319.03","3347.27","0.00","0.00","0.00","0.00","0.00","0.00","0.00","0.00","0.00","0.00","0.00","0.00","0.00","0.00","0.00","0.00","0.00","0.00","3438.42","3348.57","3251.88","3311.83","3334.39","3362.63"
"Puerto Rico","","","","","","","","","","","","","","","","","","","","","","","","","","","","","","","","","","","","","","","","","","","303.83","429.15","491.45","488.18","473.24","502.82","303.83","429.15","491.45","488.18","473.24","502.82"
"Qatar","0.00","0.00","0.00","0.00","0.00","0.00","0.00","0.00","0.00","0.00","0.00","0.00","0.05","0.05","0.05","0.05","0.05","0.05","0.00","0.00","0.00","0.00","0.00","0.00","1.35","1.35","1.35","1.35","1.35","1.35","0.00","0.00","0.00","0.00","0.00","0.00","0.00","0.00","0.00","0.00","0.00","0.00","0.00","0.00","0.00","0.00","0.00","0.00","1.40","1.40","1.40","1.40","1.40","1.40"
"Republic of Korea","2403.00","2375.00","2343.00","2324.00","2310.22","2303.25","1462.00","1446.00","1426.00","1414.00","1399.58","1395.36","1221.00","1305.00","1385.00","1377.00","1392.95","1388.75","345.00","341.00","336.00","333.00","313.32","312.37","605.00","598.00","590.00","585.00","577.70","575.40","515.00","411.00","307.00","304.00","304.36","304.00","0.00","0.00","0.00","0.00","0.00","0.00","0.00","0.00","0.00","0.00","0.00","0.00","6551.00","6476.00","6387.00","6337.00","6298.00","6279.13"
"Republic of Moldova","14.00","0.00","0.00","0.00","0.00","0.00","27.01","28.59","214.99","221.79","211.71","210.11","44.10","60.60","66.10","75.85","73.25","72.70","96.35","101.95","83.52","86.17","85.45","84.81","143.94","153.28","9.93","2.59","2.74","2.72","0.00","0.00","0.00","0.00","0.00","0.00","","","","","","","0.00","0.00","0.00","0.00","0.05","0.00","325.40","344.40","374.50","386.40","373.20","370.30"
"Réunion","0.00","0.00","0.00","0.00","0.00","0.00","0.00","0.00","0.00","0.00","0.00","0.00","0.00","0.00","0.00","0.00","0.00","0.00","0.00","0.00","0.00","0.00","0.00","0.00","67.95","70.97","73.99","76.05","77.07","77.15","0.00","0.00","0.00","0.00","0.00","0.00","0.00","0.00","0.00","0.00","0.00","0.00","0.00","0.00","0.00","0.00","0.00","0.00","67.95","70.97","73.99","76.05","77.07","77.15"
"Romania","4186.00","3043.00","3043.00","3501.00","2959.00","2970.99","1639.00","2485.00","2543.00","2490.00","2515.00","2525.19","197.00","308.00","317.00","320.00","321.00","322.30","240.40","364.30","372.00","380.00","388.00","396.00","0.00","0.00","0.00","0.00","0.00","0.00","108.60","165.70","240.00","209.96","746.05","742.65","0.00","0.00","0.00","0.00","0.00","0.00","0.00","0.00","0.00","0.00","0.00","0.00","6371.00","6366.00","6515.00","6900.96","6929.05","6957.13"
"Russian Federation","448164.71","413052.24","424782.91","419288.82","462618.47","464971.93","58890.68","70664.11","85775.43","87230.43","151767.68","152532.82","11853.81","16253.76","17709.44","18182.79","18881.26","18976.45","17434.01","11377.59","12464.59","12441.74","13824.18","13893.88","108.56","155.11","1717.11","1497.45","3620.59","3638.84","275189.52","300942.56","279052.45","284564.94","177720.02","178616.00","0.00","0.00","0.00","0.00","0.00","0.00","0.00","0.00","0.00","0.00","0.00","0.01","811641.29","812445.37","821501.93","823206.17","828432.20","832629.93"
"Rwanda","","","","","","","","","","","","","224.00","224.00","224.00","224.00","224.00","224.00","","","","","","","","","","","","","","","","","","","","","","","","","212.85","185.23","192.24","265.03","337.83","410.63","436.85","409.23","416.24","489.03","561.83","634.63"
"Saint Barthélemy","0.00","0.00","0.00","0.00","0.00","0.00","","","","","","","0.00","0.00","0.00","0.00","0.00","0.00","","","","","","","","","","","","","","","","","","","","","","","","","0.17","0.17","0.17","0.17","0.17","0.17","0.17","0.17","0.17","0.17","0.17","0.17"
"Saint Kitts and Nevis","0.00","0.00","0.00","0.00","0.00","0.00","0.00","0.00","0.00","0.00","0.00","0.00","0.00","0.00","0.00","0.00","0.00","0.00","0.00","0.00","0.00","0.00","0.00","0.00","11.00","11.00","11.00","11.00","11.00","11.00","0.00","0.00","0.00","0.00","0.00","0.00","0.00","0.00","0.00","0.00","0.00","0.00","0.00","0.00","0.00","0.00","0.00","0.00","11.00","11.00","11.00","11.00","11.00","11.00"
"Saint Lucia","0.00","0.00","0.00","0.00","0.00","0.00","0.00","0.00","0.00","0.00","0.00","0.00","0.00","0.00","0.00","0.00","0.00","0.00","0.00","0.00","1.13","1.13","1.13","1.13","7.41","9.31","9.31","9.31","9.31","9.31","0.00","0.00","0.00","0.00","0.00","0.00","0.00","0.00","0.00","0.00","0.00","0.00","19.65","19.75","20.62","21.62","22.15","22.40","27.06","29.06","31.06","32.06","32.59","32.84"
"Saint Martin (French Part)","0.00","0.00","0.00","0.00","0.00","0.00","0.00","0.00","0.00","0.00","0.00","0.00","1.00","1.00","1.00","1.00","1.00","1.00","0.00","0.00","0.00","0.00","0.00","0.00","0.00","0.00","0.00","0.00","0.00","0.00","0.24","0.24","0.24","0.24","0.24","0.24","0.00","0.00","0.00","0.00","0.00","0.00","0.00","0.00","0.00","0.00","0.00","0.00","1.24","1.24","1.24","1.24","1.24","1.24"
"Saint Pierre and Miquelon","0.00","0.00","0.00","0.00","0.00","0.00","0.00","0.00","0.00","0.00","0.00","0.00","0.00","0.00","0.00","0.00","0.00","0.00","0.00","0.00","0.00","0.00","0.00","0.00","1.90","1.67","1.45","1.33","1.21","1.10","0.00","0.00","0.00","0.00","0.00","0.00","0.00","0.00","0.00","0.00","0.00","0.00","0.00","0.00","0.00","0.00","0.00","0.00","1.90","1.67","1.45","1.33","1.21","1.10"
"Saint Vincent and the Grenadines","0.01","0.01","0.02","0.01","0.00","0.00","0.00","0.00","0.00","0.00","0.00","0.00","0.00","0.00","0.00","0.00","0.00","0.00","0.00","0.00","0.00","0.00","0.00","0.00","28.51","28.53","28.53","28.54","28.56","28.56","0.00","0.00","0.00","0.00","0.00","0.00","0.00","0.00","0.00","0.00","0.00","0.00","0.00","0.00","0.00","0.00","0.00","0.00","28.52","28.54","28.55","28.55","28.56","28.56"
"Samoa","90.06","87.60","85.15","83.93","82.70","81.48","0.00","0.00","0.00","0.00","0.00","0.00","0.00","0.00","0.00","0.00","0.00","0.00","0.00","0.00","0.00","0.00","0.00","0.00","86.52","84.17","81.81","80.63","79.46","78.28","0.00","0.00","0.00","0.00","0.00","0.00","0.00","0.00","0.00","0.00","0.00","0.00","0.00","0.00","0.00","0.00","0.00","0.00","176.58","171.77","166.96","164.56","162.16","159.76"
"San Marino","","","","","","","","","","","","","","","","","","","","","","","","","","","","","","","","","","","","","","","","","","","1.00","1.00","1.00","1.00","1.00","1.00","1.00","1.00","1.00","1.00","1.00","1.00"
"Sao Tome and Principe","0.00","0.00","0.00","0.00","0.00","0.00","0.00","0.00","0.00","0.00","0.00","0.00","0.00","0.00","29.50","29.50","29.50","29.50","0.00","0.00","0.00","0.00","0.00","0.00","58.62","58.31","28.50","25.53","25.65","25.78","0.00","0.00","0.00","0.00","0.00","0.00","0.00","0.00","0.00","0.00","0.00","0.00","0.45","0.23","0.00","0.00","0.00","0.00","59.07","58.54","58.00","55.03","55.15","55.28"
"Saudi Arabia","0.00","0.00","0.00","0.00","0.00","0.00","0.00","0.00","0.00","0.00","0.00","0.00","0.00","0.00","0.00","0.00","0.00","0.00","0.00","0.00","0.00","0.00","0.00","0.00","2768.05","2768.05","2768.05","2768.05","2768.05","2775.55","0.00","0.00","0.00","0.00","0.00","0.00","0.00","0.00","0.00","0.00","0.00","0.00","0.00","0.00","0.00","0.00","0.00","0.00","2768.05","2768.05","2768.05","2768.05","2768.05","2775.55"
"Senegal","0.15","0.15","415.87","952.57","1175.10","1518.50","1453.92","1397.62","1366.69","1267.80","1233.76","1755.53","1013.79","1500.79","1506.24","1564.12","1740.90","1802.91","1009.78","1009.92","1042.87","1042.87","1044.38","1664.63","5715.72","5129.43","4550.79","3977.38","3532.88","1907.75","0.00","0.00","0.00","0.00","0.00","0.00","0.00","0.00","0.00","0.00","0.00","0.00","0.00","0.00","0.00","0.00","0.00","0.00","9193.36","9037.91","8882.46","8804.74","8727.02","8649.32"
"Serbia","2013.00","1952.00","2276.00","1838.53","1787.00","1890.00","125.00","286.00","177.00","571.00","598.00","650.00","123.00","125.00","126.00","163.00","181.65","198.45","52.00","64.00","68.00","73.00","80.00","80.00","0.00","33.00","66.00","57.00","58.00","58.00","0.00","0.00","0.00","17.00","18.00","18.00","","","","","","","0.00","23.20","166.99","358.87","554.15","580.75","2313.00","2483.20","2879.99","3078.40","3276.80","3475.20"
"Seychelles","0.50","0.50","0.50","0.50","0.50","0.50","6.34","6.34","6.34","6.34","6.34","6.34","2.03","2.03","2.03","2.03","2.03","2.03","0.00","0.00","0.00","0.00","0.00","0.00","25.26","23.09","20.92","19.83","18.74","17.65","0.00","0.00","0.00","0.00","0.00","0.00","0.00","0.00","0.00","0.00","0.00","0.00","0.00","0.00","0.00","0.00","0.00","0.00","34.13","31.96","29.79","28.70","27.61","26.52"
"Sierra Leone","240.00","240.00","240.00","240.00","240.00","79.94","","","","","","","1.20","112.10","112.10","238.60","238.60","1070.53","","","","","","","","","","","","","","","","","","","","","","","","","2885.50","2577.33","2380.06","2154.93","2056.30","1285.80","3126.70","2929.43","2732.16","2633.53","2534.90","2436.27"
"Singapore","0.00","0.00","0.00","0.00","0.00","0.00","0.00","0.00","0.00","0.00","0.00","0.00","0.00","0.00","0.00","0.00","0.00","0.00","11.48","13.66","14.39","13.12","12.45","11.38","3.35","3.35","3.35","3.35","3.35","3.35","0.00","0.00","0.00","0.00","0.00","0.00","0.00","0.00","0.00","0.00","0.00","0.00","0.00","0.00","0.00","0.00","0.00","0.00","14.83","17.01","17.74","16.47","15.25","14.73"
"Sint Maarten (Dutch part)","","","","","","","","","","","","","","","","","","","","","","","","","","","","","","","","","","","","","","","","","","","0.30","0.30","0.30","0.30","0.30","0.30","0.30","0.30","0.30","0.30","0.30","0.30"
"Slovakia","655.00","280.00","177.18","412.94","356.58","216.21","245.00","327.00","342.19","349.33","352.84","340.52","50.00","60.00","30.85","41.89","49.82","49.22","212.00","313.00","195.67","195.88","179.85","174.21","740.48","921.41","1172.02","921.71","992.12","1159.90","0.00","0.00","0.00","0.00","0.00","0.00","0.00","0.00","0.00","0.00","0.00","0.00","0.00","0.00","0.00","0.00","0.01","0.43","1902.48","1901.41","1917.91","1921.75","1931.22","1940.49"
"Slovenia","530.56","575.56","586.40","586.40","586.40","688.97","164.38","164.38","204.71","237.27","237.27","285.71","13.05","13.05","11.18","11.18","11.18","113.30","23.06","23.06","25.40","25.40","25.40","48.74","456.95","456.95","419.31","387.75","383.58","106.83","0.00","0.00","0.00","0.00","0.00","0.00","0.00","0.00","0.00","0.00","0.00","0.00","0.00","0.00","0.00","0.00","0.00","0.00","1188.00","1233.00","1247.00","1248.00","1243.83","1243.55"
"Solomon Islands","554.20","538.20","376.30","376.30","373.57","370.30","613.90","613.90","613.90","613.90","613.90","613.90","491.50","491.50","491.50","491.50","491.50","491.50","0.04","0.04","0.04","0.04","0.04","0.04","880.70","888.70","1043.22","1039.53","1038.59","1038.19","0.00","0.00","0.00","0.00","0.00","0.00","0.00","0.00","0.00","0.00","0.00","0.00","0.00","0.00","0.00","0.00","0.00","0.00","2539.71","2532.34","2524.96","2521.27","2517.60","2513.93"
"Somalia","0.00","0.00","0.00","0.00","0.00","0.00","0.00","0.00","0.00","0.00","0.00","0.00","35.00","35.00","35.00","35.00","35.00","35.00","0.00","0.00","0.00","0.00","0.00","0.00","8248.50","7481.00","6713.50","5944.00","5174.50","4794.75","0.00","0.00","0.00","0.00","0.00","0.00","0.00","0.00","0.00","0.00","0.00","0.00","0.00","0.00","0.00","0.00","0.00","0.00","8283.50","7516.00","6748.50","5979.00","5209.50","4829.75"
"South Africa","1270.00","1270.00","1270.00","1270.00","1270.00","1270.00","0.00","0.00","0.00","0.00","0.00","0.00","500.00","497.00","493.00","428.00","428.00","428.00","11.00","11.00","11.00","11.00","11.00","11.00","18035.56","18914.24","19793.92","20296.76","20734.59","21172.42","0.00","0.00","0.00","0.00","0.00","0.00","0.00","0.00","0.00","0.00","0.00","0.00","0.00","0.00","0.00","0.00","0.00","0.00","19816.56","20692.24","21567.92","22005.76","22443.59","22881.42"
"South Sudan","715.70","715.70","715.70","715.70","715.70","715.70","0.00","0.00","0.00","0.00","0.00","0.00","274.69","274.69","274.69","274.69","274.69","274.69","0.00","0.00","0.00","0.00","0.00","0.00","6113.81","6123.81","6145.81","6166.61","6162.11","6169.61","0.00","0.00","0.00","0.00","0.00","0.00","0.00","0.00","0.00","0.00","0.00","0.00","0.00","0.00","0.00","0.00","0.00","0.00","7104.20","7114.20","7136.20","7157.00","7152.50","7160.00"
"Spain","1269.19","3495.44","3412.25","3548.41","3552.43","3619.95","2861.71","3370.42","3395.77","3270.72","3274.42","3303.19","1200.42","1975.24","3499.45","4115.68","4120.33","4236.42","0.00","0.00","0.00","0.00","0.00","0.00","8573.34","8252.84","8259.44","7641.08","8035.76","7973.22","0.00","0.00","0.00","0.00","0.00","0.00","0.00","0.00","0.00","0.00","0.00","0.00","0.00","0.00","0.00","0.00","0.00","0.00","13904.66","17093.93","18566.19","18575.35","18982.06","19132.78"
"Sri Lanka","271.34","236.94","204.49","185.27","236.43","236.43","0.00","0.00","0.00","0.00","0.00","0.00","0.00","0.00","0.00","0.00","0.00","0.00","0.00","0.00","0.00","0.00","0.00","0.00","2098.60","1994.20","1951.47","1912.98","1908.99","1884.26","0.00","0.00","0.00","0.00","0.00","0.00","0.00","0.00","0.00","0.00","0.00","0.00","0.00","0.00","0.00","0.00","0.00","0.00","2369.94","2231.14","2155.96","2098.25","2145.41","2120.69"
"Sudan","1267.31","1267.31","1267.31","1267.31","1267.31","1267.31","0.00","0.00","0.00","0.00","0.00","0.00","4419.54","4419.54","4419.54","4419.54","4419.54","4419.54","0.00","0.00","0.00","0.00","0.00","0.00","22388.45","20647.05","18905.65","18034.95","17164.25","16293.55","0.00","0.00","0.00","0.00","0.00","0.00","0.00","0.00","0.00","0.00","0.00","0.00","0.00","0.00","0.00","0.00","0.00","0.00","28075.30","26333.90","24592.50","23721.80","22851.10","21980.40"
"Suriname","354.00","1686.00","1965.00","1956.76","2000.00","1702.22","16.85","16.85","143.17","141.97","140.77","139.57","1764.80","1764.60","1764.40","1764.30","1764.20","1742.24","0.00","0.00","0.00","0.00","0.00","0.00","527.00","527.00","702.00","702.74","762.74","778.36","0.00","0.00","0.00","3.36","3.36","63.50","0.00","0.00","0.00","0.00","0.00","0.00","12203.60","10907.53","10287.45","10269.48","10094.39","10248.31","14866.25","14901.98","14862.02","14838.61","14765.46","14674.20"
"Svalbard and Jan Mayen Islands","0.00","0.00","0.00","0.00","0.00","0.00","0.00","0.00","0.00","0.00","0.00","0.00","0.00","0.00","0.00","0.00","0.00","0.00","0.00","0.00","0.00","0.00","0.00","0.00","0.00","0.00","0.00","0.00","0.00","0.00","0.00","0.00","0.00","0.00","0.00","0.00","0.00","0.00","0.00","0.00","0.00","0.00","0.00","0.00","0.00","0.00","0.00","0.00","0.00","0.00","0.00","0.00","0.00","0.00"
"Sweden","22830.00","20770.81","20032.91","19587.34","19401.00","19401.00","0.00","0.00","0.00","0.00","0.00","0.00","1393.00","3452.19","4278.09","5119.98","5612.00","5612.00","0.00","0.00","0.00","0.00","0.00","0.00","3840.00","3940.00","3762.00","3272.68","2921.00","2921.00","0.00","0.00","0.00","0.00","0.00","0.00","0.00","0.00","0.00","0.00","0.00","0.00","0.00","0.00","0.00","0.00","0.00","0.00","28063.00","28163.00","28073.00","27980.00","27934.00","27934.00"
"Switzerland","","374.56","368.77","370.28","379.37","382.13","","646.84","671.04","674.36","666.16","671.01","","54.28","80.75","95.01","110.93","111.74","","50.78","35.95","32.72","35.91","36.18","","0.00","0.00","0.00","0.00","0.00","","32.06","36.14","40.75","49.29","49.65","","37.66","42.06","35.58","16.20","16.31","1153.50","0.00","0.01","0.00","0.00","0.00","1153.50","1196.18","1234.72","1248.70","1257.86","1267.02"
"Syrian Arab Republic","0.00","0.00","0.00","0.00","0.00","0.00","0.00","0.00","0.00","0.00","0.00","0.00","186.38","186.38","186.38","186.38","187.38","187.38","0.00","0.00","0.00","0.00","0.00","0.00","264.61","274.39","325.60","340.89","340.27","340.43","0.00","0.00","0.00","0.00","0.00","0.00","0.00","0.00","0.00","0.00","0.00","0.00","0.00","0.00","0.00","0.00","0.00","0.00","450.99","460.77","511.98","527.27","527.65","527.81"
"Tajikistan","","","","","","","","","","","","","","","","","","","","","","","","","","","","","","","","","","","","","","","","","","","408.00","410.00","410.00","421.80","423.00","424.50","408.00","410.00","410.00","421.80","423.00","424.50"
"Thailand","3702.00","3702.00","3702.00","3702.00","3961.00","3314.00","0.00","0.00","0.00","0.00","0.00","0.00","0.00","0.00","0.00","0.00","0.00","0.00","0.00","0.00","0.00","0.00","0.00","0.00","16533.00","16463.00","16393.00","16359.00","16376.56","16333.48","0.00","0.00","0.00","0.00","0.00","0.00","0.00","0.00","0.00","0.00","0.00","0.00","0.00","0.00","0.00","0.00","0.00","0.00","20235.00","20165.00","20095.00","20060.00","20337.56","19647.48"
"Timor-Leste","11.73","11.73","11.73","11.73","11.73","11.73","0.00","0.00","0.00","0.00","0.00","0.00","0.00","0.00","0.00","0.00","0.00","0.00","0.00","0.00","0.00","0.00","0.00","0.00","738.91","738.91","738.91","738.91","738.91","738.91","0.00","0.00","0.00","0.00","0.00","0.00","0.00","0.00","0.00","0.00","0.00","0.00","349.93","335.93","321.93","314.93","307.93","303.69","1100.57","1086.57","1072.57","1065.57","1058.57","1054.33"
"Togo","","","","","","","","","","","","","","","","","","","","","","","","","","","","","","","","","","","","","","","","","","","1298.06","1268.46","1238.87","1224.07","1209.26","1224.46","1298.06","1268.46","1238.87","1224.07","1209.26","1224.46"
"Tokelau","0.00","0.00","0.00","0.00","0.00","0.00","0.00","0.00","0.00","0.00","0.00","0.00","0.00","0.00","0.00","0.00","0.00","0.00","0.00","0.00","0.00","0.00","0.00","0.00","0.00","0.00","0.00","0.00","0.00","0.00","0.00","0.00","0.00","0.00","0.00","0.00","0.00","0.00","0.00","0.00","0.00","0.00","0.00","0.00","0.00","0.00","0.00","0.00","0.00","0.00","0.00","0.00","0.00","0.00"
"Tonga","0.98","0.98","0.98","0.98","0.98","0.98","0.59","0.59","0.59","0.59","0.59","0.59","7.17","7.17","7.17","7.17","7.17","7.17","0.00","0.00","0.00","0.00","0.00","0.00","0.00","0.00","0.00","0.00","0.00","0.00","0.00","0.00","0.00","0.00","0.00","0.00","0.00","0.00","0.00","0.00","0.00","0.00","0.00","0.00","0.00","0.00","0.00","0.00","8.73","8.73","8.73","8.73","8.73","8.73"
"Trinidad and Tobago","75.90","75.90","75.90","75.90","75.90","75.90","51.30","51.30","51.30","51.30","51.30","51.30","19.50","19.50","19.50","19.50","19.50","19.50","5.00","5.00","8.00","8.00","8.00","8.00","89.20","84.95","77.71","75.59","73.49","71.35","0.00","0.00","0.00","0.00","0.00","0.00","0.00","0.00","0.00","0.00","0.00","0.00","0.00","0.00","0.00","0.00","0.00","0.00","240.90","236.65","232.41","230.29","228.17","226.05"
"Tunisia","0.00","0.00","0.00","0.00","0.00","0.00","625.69","648.54","640.23","640.53","634.60","623.09","18.69","19.30","63.20","64.40","64.40","64.40","0.00","0.00","0.00","0.00","0.00","0.00","0.00","0.00","0.00","0.00","0.00","0.00","0.00","0.00","0.00","0.00","0.00","0.00","0.00","0.00","0.00","0.00","0.00","0.00","0.00","0.00","0.00","0.00","0.00","0.00","643.98","667.84","703.43","704.93","699.00","687.49"
"Türkiye","7578.64","7713.56","8008.73","8261.52","8479.68","8710.48","7794.17","7945.60","8441.59","8560.68","8805.60","9025.90","17.58","17.90","18.60","19.17","19.67","20.21","1339.20","1363.04","1398.46","1459.87","1498.43","1539.20","3053.89","3108.25","3215.70","3329.06","3416.98","3509.97","0.00","0.00","0.00","0.00","0.00","0.00","0.00","0.00","0.00","0.00","0.00","0.00","0.00","0.00","0.00","0.00","0.00","0.00","19783.48","20148.35","21083.08","21630.30","22220.36","22805.76"
"Turkmenistan","","","","","","","","","","","","","104.00","104.00","104.00","104.00","104.00","104.00","","","","","","","","","","","","","","","","","","","","","","","","","2226.00","2226.00","2226.00","2226.00","2226.00","2226.00","2330.00","2330.00","2330.00","2330.00","2330.00","2330.00"
"Turks and Caicos Islands","","","","","","","","","","","","","","","","","","","","","","","","","3.68","3.68","3.68","3.68","3.68","3.68","","","","","","","","","","","","","6.84","6.84","6.84","6.84","6.84","6.84","10.52","10.52","10.52","10.52","10.52","10.52"
"Tuvalu","0.00","0.00","0.00","0.00","0.00","0.00","0.00","0.00","0.00","0.00","0.00","0.00","0.00","0.00","0.00","0.00","0.00","0.00","0.00","0.00","0.00","0.00","0.00","0.00","0.00","0.00","0.00","0.00","0.00","0.00","0.00","0.00","0.00","0.00","0.00","0.00","0.00","0.00","0.00","0.00","0.00","0.00","1.03","1.03","1.03","1.03","1.03","1.03","1.03","1.03","1.03","1.03","1.03","1.03"
"Uganda","169.97","268.36","366.76","415.96","465.16","514.35","","","","","","","794.88","720.06","600.99","624.58","845.40","818.20","","","","","","","791.24","626.19","531.80","504.39","608.50","546.96","","","","","","","","","","","","","2791.94","1786.23","1399.82","1103.71","589.10","488.16","4548.03","3400.84","2899.37","2648.64","2508.16","2367.67"
"Ukraine","4452.00","4121.00","3642.00","3674.00","3600.00","4410.00","2782.00","2228.00","2394.00","2435.00","2507.00","2507.00","276.00","802.00","1357.00","1396.00","1410.00","1410.00","1764.00","1628.00","1458.00","1450.00","1450.00","1450.00","0.00","0.00","0.00","0.00","0.00","0.00","0.00","731.00","697.00","702.00","723.00","723.00","0.00","0.00","0.00","0.00","0.00","0.00","0.00","0.00","0.00","43.00","210.00","0.00","9274.00","9510.00","9548.00","9700.00","9900.00","10090.00"
"United Arab Emirates","0.00","0.00","0.00","0.00","0.00","0.00","0.00","0.00","0.00","0.00","0.00","0.00","3.80","4.00","8.58","10.25","11.93","13.61","0.00","0.00","0.00","0.00","0.00","0.00","310.97","310.97","310.97","310.97","310.97","310.97","0.00","0.00","0.00","0.00","0.00","0.00","0.00","0.00","0.00","0.00","0.00","0.00","0.00","0.00","0.00","0.00","0.00","0.00","314.77","314.97","319.55","321.22","322.90","324.58"
"United Kingdom of Great Britain and Northern Ireland","","","","","","","","","","","","","","","","","","","","","","","","","","","","","","","","","","","","","","","","","","","2778.00","2954.00","3059.00","3155.00","3215.00","3278.00","2778.00","2954.00","3059.00","3155.00","3215.00","3278.00"
"United Republic of Tanzania","1990.00","2000.00","2010.00","2015.00","2020.00","2020.00","1960.90","1971.80","1971.80","1971.80","1971.80","1971.80","9457.70","9457.70","9457.70","9457.70","9457.70","9457.70","0.00","0.00","0.00","0.00","0.00","0.00","44756.40","40705.50","36665.50","34645.50","32295.50","29950.50","0.00","0.00","0.00","0.00","0.00","0.00","0.00","0.00","0.00","0.00","0.00","0.00","0.00","0.00","0.00","0.00","0.00","0.00","58165.00","54135.00","50105.00","48090.00","45745.00","43400.00"
"United States of America","71033.00","81331.00","89212.00","91339.00","95691.00","80373.00","0.00","0.00","0.00","0.00","3558.53","3842.00","10772.00","12494.00","18139.00","17856.00","19045.00","19148.00","0.00","0.00","0.00","0.00","3287.78","3362.00","58626.00","58626.00","58626.00","58626.00","58626.00","56925.00","0.00","0.00","0.00","0.00","0.00","0.00","0.00","0.00","0.00","0.00","0.00","0.00","162019.00","151085.00","142743.00","142274.00","129046.69","145245.00","302450.00","303536.00","308720.00","310095.00","309255.00","308895.00"
"United States Virgin Islands","","","","","","","","","","","","","","","","","","","","","","","","","","","","","","","","","","","","","","","","","","","20.41","19.29","18.43","19.16","19.91","20.66","20.41","19.29","18.43","19.16","19.91","20.66"
"Uruguay","93.02","505.99","775.95","898.55","987.53","1067.41","0.00","0.00","0.00","0.00","0.00","0.00","0.00","0.00","0.00","0.00","0.00","0.00","16.91","17.91","17.19","16.07","17.63","17.63","700.51","737.40","825.51","839.00","844.92","847.00","69.30","75.00","77.28","80.77","81.96","81.96","0.00","0.00","0.00","0.00","0.00","0.00","0.00","0.00","0.00","0.00","0.00","48.51","879.44","1336.29","1695.93","1834.39","1932.03","2062.51"
"Uzbekistan","3.10","4.80","5.10","5.30","6.00","6.10","2040.00","2205.00","2269.50","2214.00","2532.00","2735.09","506.27","751.66","1075.00","1330.10","1151.66","1153.00","0.00","0.00","0.00","0.00","0.00","0.00","0.00","0.00","0.00","0.00","0.00","0.00","0.00","0.00","0.00","0.00","0.00","0.00","0.00","0.00","0.00","0.00","0.00","0.00","0.00","0.00","0.00","0.00","0.00","0.00","2549.37","2961.46","3349.60","3549.40","3689.00","3894.19"
"Vanuatu","2.50","2.53","2.55","2.57","2.59","2.61","0.02","0.02","0.02","0.02","0.02","0.02","3.04","3.04","3.04","3.04","3.04","3.04","0.00","0.00","0.00","0.00","0.00","0.00","0.00","0.00","0.00","0.00","0.00","0.00","0.00","0.00","0.00","0.00","0.00","0.00","0.00","0.00","0.00","0.00","0.00","0.00","985.33","961.46","937.59","925.65","913.71","901.77","990.89","967.05","943.20","931.28","919.36","907.44"
"Venezuela (Bolivarian Republic of)","11687.59","14906.08","11281.54","11281.45","7637.73","7637.64","6043.96","6043.96","4784.55","4784.47","4784.38","4784.29","7635.51","7635.51","10213.56","10213.48","13857.10","13857.01","67.00","66.54","29.00","29.00","28.36","28.27","0.00","2794.58","2722.26","2722.18","2722.09","2721.99","6745.78","8500.35","8470.93","8470.84","8470.75","8470.66","18304.20","9284.56","10880.68","10378.36","9834.29","9588.38","0.00","0.00","0.00","0.00","0.00","0.00","50483.58","49231.58","48382.05","47879.23","47334.70","47088.24"
"Viet Nam","5707.00","4653.00","6373.49","6668.20","7784.38","7882.53","2925.00","5502.00","4846.18","4462.64","4685.50","4709.46","713.00","1570.00","2002.28","2106.51","2173.23","2198.09","0.00","0.00","0.00","0.00","0.00","0.00","30.96","59.10","166.11","824.51","34.11","0.00","0.00","0.00","0.00","0.00","0.00","0.00","0.00","0.00","0.00","0.00","0.00","0.00","0.00","0.00","0.00","0.00","0.00","0.00","9375.96","11784.10","13388.06","14061.86","14677.22","14790.08"
"Wallis and Futuna Islands","0.16","0.21","0.17","0.14","0.14","0.36","8.88","8.40","8.84","9.31","9.76","9.99","0.50","0.48","0.44","0.44","0.44","0.44","0.00","0.00","0.00","0.00","0.00","0.00","0.00","0.00","0.00","0.00","0.00","0.00","0.00","0.00","0.00","0.00","0.00","0.00","0.00","0.00","0.00","0.00","0.00","0.00","0.09","0.05","0.03","0.03","0.03","0.03","9.63","9.14","9.48","9.92","10.37","10.82"
"Western Sahara","","","","","","","","","","","","","","","","","","","","","","","","","","","","","","","","","","","","","","","","","","","605.45","539.54","537.23","539.50","533.21","529.22","605.45","539.54","537.23","539.50","533.21","529.22"
"Yemen","0.00","0.00","0.00","0.00","0.00","0.00","0.00","0.00","0.00","0.00","0.00","0.00","32.00","32.00","32.00","32.00","32.00","32.00","0.00","0.00","0.00","0.00","0.00","0.00","517.00","517.00","517.00","517.00","517.00","517.00","0.00","0.00","0.00","0.00","0.00","0.00","0.00","0.00","0.00","0.00","0.00","0.00","0.00","0.00","0.00","0.00","0.00","0.00","549.00","549.00","549.00","549.00","549.00","549.00"
"Zambia","0.00","0.00","0.00","0.00","0.00","0.00","8077.00","8077.00","7055.00","6819.25","6861.00","6861.00","23754.23","23754.23","24530.16","24392.30","24392.30","24392.30","0.00","0.00","0.00","0.00","0.00","0.00","15580.77","15222.77","15110.84","14543.55","14106.77","13620.00","0.00","0.00","0.00","0.00","0.00","0.00","0.00","0.00","0.00","0.00","0.00","0.00","0.00","0.00","0.00","0.00","0.00","0.99","47412.00","47054.00","46696.00","45755.10","45360.07","44874.29"
"Zimbabwe","","","","","","","","","","","","","","","","","","","","","","","","","","","","","","","","","","","","","","","","","","","16715.38","15658.19","14601.00","14302.67","14031.01","13766.01","16715.38","15658.19","14601.00","14302.67","14031.01","13766.01"
"© FRA 2026","","","","","","","","","","","","","","","","","","","","","","","","","","","","","","","","","","","","","","","","","","","","","","","","","","","","","",""